2025-06-24 08:20:41 [32minfo[39m: Setting up chat listeners...
2025-06-24 08:20:41 [32minfo[39m: Medication notification scheduler started
2025-06-24 08:20:41 [32minfo[39m: Setting up chat listeners...
2025-06-24 08:20:42 [32minfo[39m: Setting up listener for community: 1
2025-06-24 08:20:42 [32minfo[39m: Setting up listener for community: 1
2025-06-24 08:20:42 [32minfo[39m: Setting up listener for community: 3
2025-06-24 08:20:42 [32minfo[39m: Setting up listener for community: 3
2025-06-24 08:20:42 [32minfo[39m: Setting up listener for community: 4
2025-06-24 08:20:42 [32minfo[39m: Setting up listener for community: 4
2025-06-24 08:20:42 [32minfo[39m: Setting up listener for community: 9
2025-06-24 08:20:42 [32minfo[39m: Setting up listener for community: 9
2025-06-24 08:20:42 [32minfo[39m: Setting up listener for community: 13
2025-06-24 08:20:42 [32minfo[39m: New message in community 13 from user 4
2025-06-24 08:20:42 [32minfo[39m: Setting up listener for community: 13
2025-06-24 08:20:42 [32minfo[39m: New message in community 13 from user 4
2025-06-24 08:20:42 [32minfo[39m: Setting up listener for community: 15
2025-06-24 08:20:42 [32minfo[39m: Setting up listener for community: 15
2025-06-24 08:20:42 [32minfo[39m: Setting up listener for community: 16
2025-06-24 08:20:42 [32minfo[39m: Setting up listener for community: 16
2025-06-24 08:20:42 [32minfo[39m: Setting up listener for community: 1
2025-06-24 08:20:42 [32minfo[39m: Setting up listener for community: 3
2025-06-24 08:20:42 [32minfo[39m: Setting up listener for community: 4
2025-06-24 08:20:42 [32minfo[39m: Setting up listener for community: 9
2025-06-24 08:20:42 [32minfo[39m: Setting up listener for community: 13
2025-06-24 08:20:42 [32minfo[39m: New message in community 13 from user 4
2025-06-24 08:20:42 [32minfo[39m: Setting up listener for community: 15
2025-06-24 08:20:42 [32minfo[39m: Setting up listener for community: 16
2025-06-24 08:20:42 [32minfo[39m: Chat listeners setup complete
2025-06-24 08:20:42 [32minfo[39m: Setting up listener for community: 1
2025-06-24 08:20:42 [32minfo[39m: Setting up listener for community: 3
2025-06-24 08:20:42 [32minfo[39m: Setting up listener for community: 4
2025-06-24 08:20:42 [32minfo[39m: Setting up listener for community: 9
2025-06-24 08:20:42 [32minfo[39m: Setting up listener for community: 13
2025-06-24 08:20:42 [32minfo[39m: New message in community 13 from user 4
2025-06-24 08:20:42 [32minfo[39m: Setting up listener for community: 15
2025-06-24 08:20:42 [32minfo[39m: Setting up listener for community: 16
2025-06-24 08:20:42 [32minfo[39m: Chat listeners setup complete
2025-06-24 08:20:43 [33mwarn[39m: Community 13 not found in database
2025-06-24 08:20:43 [33mwarn[39m: Community 13 not found in database
2025-06-24 08:20:43 [33mwarn[39m: Community 13 not found in database
2025-06-24 08:20:43 [33mwarn[39m: Community 13 not found in database
2025-06-24 08:37:28 [32minfo[39m: Setting up chat listeners...
2025-06-24 08:37:29 [32minfo[39m: Medication notification scheduler started
2025-06-24 08:37:29 [32minfo[39m: Setting up chat listeners...
2025-06-24 08:37:29 [32minfo[39m: Setting up listener for community: 1
2025-06-24 08:37:29 [32minfo[39m: Setting up listener for community: 1
2025-06-24 08:37:29 [32minfo[39m: Setting up listener for community: 3
2025-06-24 08:37:29 [32minfo[39m: Setting up listener for community: 3
2025-06-24 08:37:29 [32minfo[39m: Setting up listener for community: 4
2025-06-24 08:37:29 [32minfo[39m: Setting up listener for community: 4
2025-06-24 08:37:29 [32minfo[39m: Setting up listener for community: 9
2025-06-24 08:37:29 [32minfo[39m: Setting up listener for community: 9
2025-06-24 08:37:29 [32minfo[39m: Setting up listener for community: 13
2025-06-24 08:37:29 [32minfo[39m: New message in community 13 from user 4
2025-06-24 08:37:29 [32minfo[39m: Setting up listener for community: 13
2025-06-24 08:37:29 [32minfo[39m: New message in community 13 from user 4
2025-06-24 08:37:29 [32minfo[39m: Setting up listener for community: 15
2025-06-24 08:37:29 [32minfo[39m: Setting up listener for community: 15
2025-06-24 08:37:29 [32minfo[39m: Setting up listener for community: 16
2025-06-24 08:37:29 [32minfo[39m: Setting up listener for community: 16
2025-06-24 08:37:29 [32minfo[39m: Setting up listener for community: 1
2025-06-24 08:37:29 [32minfo[39m: Setting up listener for community: 3
2025-06-24 08:37:29 [32minfo[39m: Setting up listener for community: 4
2025-06-24 08:37:29 [32minfo[39m: Setting up listener for community: 9
2025-06-24 08:37:29 [32minfo[39m: Setting up listener for community: 13
2025-06-24 08:37:29 [32minfo[39m: New message in community 13 from user 4
2025-06-24 08:37:29 [32minfo[39m: Setting up listener for community: 15
2025-06-24 08:37:29 [32minfo[39m: Setting up listener for community: 16
2025-06-24 08:37:29 [32minfo[39m: Chat listeners setup complete
2025-06-24 08:37:29 [32minfo[39m: Setting up listener for community: 1
2025-06-24 08:37:29 [32minfo[39m: Setting up listener for community: 3
2025-06-24 08:37:29 [32minfo[39m: Setting up listener for community: 4
2025-06-24 08:37:29 [32minfo[39m: Setting up listener for community: 9
2025-06-24 08:37:29 [32minfo[39m: Setting up listener for community: 13
2025-06-24 08:37:29 [32minfo[39m: New message in community 13 from user 4
2025-06-24 08:37:29 [32minfo[39m: Setting up listener for community: 15
2025-06-24 08:37:29 [32minfo[39m: Setting up listener for community: 16
2025-06-24 08:37:29 [32minfo[39m: Chat listeners setup complete
2025-06-24 08:37:30 [33mwarn[39m: Community 13 not found in database
2025-06-24 08:37:30 [33mwarn[39m: Community 13 not found in database
2025-06-24 08:37:31 [33mwarn[39m: Community 13 not found in database
2025-06-24 08:37:31 [33mwarn[39m: Community 13 not found in database
2025-06-24 08:51:45 [32minfo[39m: Setting up chat listeners...
2025-06-24 08:51:45 [32minfo[39m: Medication notification scheduler started
2025-06-24 08:51:45 [32minfo[39m: Setting up chat listeners...
2025-06-24 08:51:46 [32minfo[39m: Setting up listener for community: 1
2025-06-24 08:51:46 [32minfo[39m: Setting up listener for community: 1
2025-06-24 08:51:46 [32minfo[39m: Setting up listener for community: 3
2025-06-24 08:51:46 [32minfo[39m: Setting up listener for community: 3
2025-06-24 08:51:46 [32minfo[39m: Setting up listener for community: 4
2025-06-24 08:51:46 [32minfo[39m: Setting up listener for community: 4
2025-06-24 08:51:46 [32minfo[39m: Setting up listener for community: 9
2025-06-24 08:51:46 [32minfo[39m: Setting up listener for community: 9
2025-06-24 08:51:46 [32minfo[39m: Setting up listener for community: 13
2025-06-24 08:51:46 [32minfo[39m: New message in community 13 from user 4
2025-06-24 08:51:46 [32minfo[39m: Setting up listener for community: 13
2025-06-24 08:51:46 [32minfo[39m: New message in community 13 from user 4
2025-06-24 08:51:46 [32minfo[39m: Setting up listener for community: 15
2025-06-24 08:51:46 [32minfo[39m: Setting up listener for community: 15
2025-06-24 08:51:46 [32minfo[39m: Setting up listener for community: 16
2025-06-24 08:51:46 [32minfo[39m: Setting up listener for community: 16
2025-06-24 08:51:46 [32minfo[39m: Setting up listener for community: 1
2025-06-24 08:51:46 [32minfo[39m: Setting up listener for community: 3
2025-06-24 08:51:46 [32minfo[39m: Setting up listener for community: 4
2025-06-24 08:51:46 [32minfo[39m: Setting up listener for community: 9
2025-06-24 08:51:46 [32minfo[39m: Setting up listener for community: 13
2025-06-24 08:51:46 [32minfo[39m: New message in community 13 from user 4
2025-06-24 08:51:46 [32minfo[39m: Setting up listener for community: 15
2025-06-24 08:51:46 [32minfo[39m: Setting up listener for community: 16
2025-06-24 08:51:46 [32minfo[39m: Chat listeners setup complete
2025-06-24 08:51:46 [32minfo[39m: Setting up listener for community: 1
2025-06-24 08:51:46 [32minfo[39m: Setting up listener for community: 3
2025-06-24 08:51:46 [32minfo[39m: Setting up listener for community: 4
2025-06-24 08:51:46 [32minfo[39m: Setting up listener for community: 9
2025-06-24 08:51:46 [32minfo[39m: Setting up listener for community: 13
2025-06-24 08:51:46 [32minfo[39m: New message in community 13 from user 4
2025-06-24 08:51:46 [32minfo[39m: Setting up listener for community: 15
2025-06-24 08:51:46 [32minfo[39m: Setting up listener for community: 16
2025-06-24 08:51:46 [32minfo[39m: Chat listeners setup complete
2025-06-24 08:51:48 [33mwarn[39m: Community 13 not found in database
2025-06-24 08:51:48 [33mwarn[39m: Community 13 not found in database
2025-06-24 08:51:48 [33mwarn[39m: Community 13 not found in database
2025-06-24 08:51:48 [33mwarn[39m: Community 13 not found in database
2025-06-24 08:55:12 [32minfo[39m: Setting up chat listeners...
2025-06-24 08:55:12 [32minfo[39m: Medication notification scheduler started
2025-06-24 08:55:12 [32minfo[39m: Setting up chat listeners...
2025-06-24 08:55:13 [32minfo[39m: Setting up listener for community: 1
2025-06-24 08:55:13 [32minfo[39m: Setting up listener for community: 1
2025-06-24 08:55:13 [32minfo[39m: Setting up listener for community: 3
2025-06-24 08:55:13 [32minfo[39m: Setting up listener for community: 3
2025-06-24 08:55:13 [32minfo[39m: Setting up listener for community: 4
2025-06-24 08:55:13 [32minfo[39m: Setting up listener for community: 4
2025-06-24 08:55:13 [32minfo[39m: Setting up listener for community: 9
2025-06-24 08:55:13 [32minfo[39m: Setting up listener for community: 9
2025-06-24 08:55:13 [32minfo[39m: Setting up listener for community: 13
2025-06-24 08:55:13 [32minfo[39m: New message in community 13 from user 4
2025-06-24 08:55:13 [32minfo[39m: Setting up listener for community: 13
2025-06-24 08:55:13 [32minfo[39m: New message in community 13 from user 4
2025-06-24 08:55:13 [32minfo[39m: Setting up listener for community: 15
2025-06-24 08:55:13 [32minfo[39m: Setting up listener for community: 15
2025-06-24 08:55:13 [32minfo[39m: Setting up listener for community: 16
2025-06-24 08:55:13 [32minfo[39m: Setting up listener for community: 16
2025-06-24 08:55:13 [32minfo[39m: Setting up listener for community: 1
2025-06-24 08:55:13 [32minfo[39m: Setting up listener for community: 3
2025-06-24 08:55:13 [32minfo[39m: Setting up listener for community: 4
2025-06-24 08:55:13 [32minfo[39m: Setting up listener for community: 9
2025-06-24 08:55:13 [32minfo[39m: Setting up listener for community: 13
2025-06-24 08:55:13 [32minfo[39m: New message in community 13 from user 4
2025-06-24 08:55:13 [32minfo[39m: Setting up listener for community: 15
2025-06-24 08:55:13 [32minfo[39m: Setting up listener for community: 16
2025-06-24 08:55:13 [32minfo[39m: Chat listeners setup complete
2025-06-24 08:55:13 [32minfo[39m: Setting up listener for community: 1
2025-06-24 08:55:13 [32minfo[39m: Setting up listener for community: 3
2025-06-24 08:55:13 [32minfo[39m: Setting up listener for community: 4
2025-06-24 08:55:13 [32minfo[39m: Setting up listener for community: 9
2025-06-24 08:55:13 [32minfo[39m: Setting up listener for community: 13
2025-06-24 08:55:13 [32minfo[39m: New message in community 13 from user 4
2025-06-24 08:55:13 [32minfo[39m: Setting up listener for community: 15
2025-06-24 08:55:13 [32minfo[39m: Setting up listener for community: 16
2025-06-24 08:55:13 [32minfo[39m: Chat listeners setup complete
2025-06-24 08:55:14 [33mwarn[39m: Community 13 not found in database
2025-06-24 08:55:14 [33mwarn[39m: Community 13 not found in database
2025-06-24 08:55:14 [33mwarn[39m: Community 13 not found in database
2025-06-24 08:55:14 [33mwarn[39m: Community 13 not found in database
2025-06-24 08:58:36 [32minfo[39m: Setting up chat listeners...
2025-06-24 08:58:36 [32minfo[39m: Medication notification scheduler started
2025-06-24 08:58:36 [32minfo[39m: Setting up chat listeners...
2025-06-24 08:58:37 [32minfo[39m: Setting up listener for community: 1
2025-06-24 08:58:37 [32minfo[39m: Setting up listener for community: 1
2025-06-24 08:58:37 [32minfo[39m: Setting up listener for community: 3
2025-06-24 08:58:37 [32minfo[39m: Setting up listener for community: 3
2025-06-24 08:58:37 [32minfo[39m: Setting up listener for community: 4
2025-06-24 08:58:37 [32minfo[39m: Setting up listener for community: 4
2025-06-24 08:58:37 [32minfo[39m: Setting up listener for community: 9
2025-06-24 08:58:37 [32minfo[39m: Setting up listener for community: 9
2025-06-24 08:58:37 [32minfo[39m: Setting up listener for community: 13
2025-06-24 08:58:37 [32minfo[39m: New message in community 13 from user 4
2025-06-24 08:58:37 [32minfo[39m: Setting up listener for community: 13
2025-06-24 08:58:37 [32minfo[39m: New message in community 13 from user 4
2025-06-24 08:58:37 [32minfo[39m: Setting up listener for community: 15
2025-06-24 08:58:37 [32minfo[39m: Setting up listener for community: 15
2025-06-24 08:58:37 [32minfo[39m: Setting up listener for community: 16
2025-06-24 08:58:37 [32minfo[39m: Setting up listener for community: 16
2025-06-24 08:58:37 [32minfo[39m: Setting up listener for community: 1
2025-06-24 08:58:37 [32minfo[39m: Setting up listener for community: 3
2025-06-24 08:58:37 [32minfo[39m: Setting up listener for community: 4
2025-06-24 08:58:37 [32minfo[39m: Setting up listener for community: 9
2025-06-24 08:58:37 [32minfo[39m: Setting up listener for community: 13
2025-06-24 08:58:37 [32minfo[39m: New message in community 13 from user 4
2025-06-24 08:58:37 [32minfo[39m: Setting up listener for community: 15
2025-06-24 08:58:37 [32minfo[39m: Setting up listener for community: 16
2025-06-24 08:58:37 [32minfo[39m: Chat listeners setup complete
2025-06-24 08:58:37 [32minfo[39m: Setting up listener for community: 1
2025-06-24 08:58:37 [32minfo[39m: Setting up listener for community: 3
2025-06-24 08:58:37 [32minfo[39m: Setting up listener for community: 4
2025-06-24 08:58:37 [32minfo[39m: Setting up listener for community: 9
2025-06-24 08:58:37 [32minfo[39m: Setting up listener for community: 13
2025-06-24 08:58:37 [32minfo[39m: New message in community 13 from user 4
2025-06-24 08:58:37 [32minfo[39m: Setting up listener for community: 15
2025-06-24 08:58:37 [32minfo[39m: Setting up listener for community: 16
2025-06-24 08:58:37 [32minfo[39m: Chat listeners setup complete
2025-06-24 08:58:38 [33mwarn[39m: Community 13 not found in database
2025-06-24 08:58:38 [33mwarn[39m: Community 13 not found in database
2025-06-24 08:58:38 [33mwarn[39m: Community 13 not found in database
2025-06-24 08:58:38 [33mwarn[39m: Community 13 not found in database
2025-06-24 08:59:01 [32minfo[39m: Setting up chat listeners...
2025-06-24 08:59:01 [32minfo[39m: Medication notification scheduler started
2025-06-24 08:59:01 [32minfo[39m: Setting up chat listeners...
2025-06-24 08:59:03 [32minfo[39m: Setting up listener for community: 1
2025-06-24 08:59:03 [32minfo[39m: Setting up listener for community: 1
2025-06-24 08:59:03 [32minfo[39m: Setting up listener for community: 3
2025-06-24 08:59:03 [32minfo[39m: Setting up listener for community: 3
2025-06-24 08:59:03 [32minfo[39m: Setting up listener for community: 4
2025-06-24 08:59:03 [32minfo[39m: Setting up listener for community: 4
2025-06-24 08:59:03 [32minfo[39m: Setting up listener for community: 9
2025-06-24 08:59:03 [32minfo[39m: Setting up listener for community: 9
2025-06-24 08:59:03 [32minfo[39m: Setting up listener for community: 13
2025-06-24 08:59:03 [32minfo[39m: New message in community 13 from user 4
2025-06-24 08:59:03 [32minfo[39m: Setting up listener for community: 13
2025-06-24 08:59:03 [32minfo[39m: New message in community 13 from user 4
2025-06-24 08:59:03 [32minfo[39m: Setting up listener for community: 15
2025-06-24 08:59:03 [32minfo[39m: Setting up listener for community: 15
2025-06-24 08:59:03 [32minfo[39m: Setting up listener for community: 16
2025-06-24 08:59:03 [32minfo[39m: Setting up listener for community: 16
2025-06-24 08:59:03 [32minfo[39m: Setting up listener for community: 1
2025-06-24 08:59:03 [32minfo[39m: Setting up listener for community: 3
2025-06-24 08:59:03 [32minfo[39m: Setting up listener for community: 4
2025-06-24 08:59:03 [32minfo[39m: Setting up listener for community: 9
2025-06-24 08:59:03 [32minfo[39m: Setting up listener for community: 13
2025-06-24 08:59:03 [32minfo[39m: New message in community 13 from user 4
2025-06-24 08:59:03 [32minfo[39m: Setting up listener for community: 15
2025-06-24 08:59:03 [32minfo[39m: Setting up listener for community: 16
2025-06-24 08:59:03 [32minfo[39m: Chat listeners setup complete
2025-06-24 08:59:03 [32minfo[39m: Setting up listener for community: 1
2025-06-24 08:59:03 [32minfo[39m: Setting up listener for community: 3
2025-06-24 08:59:03 [32minfo[39m: Setting up listener for community: 4
2025-06-24 08:59:03 [32minfo[39m: Setting up listener for community: 9
2025-06-24 08:59:03 [32minfo[39m: Setting up listener for community: 13
2025-06-24 08:59:03 [32minfo[39m: New message in community 13 from user 4
2025-06-24 08:59:03 [32minfo[39m: Setting up listener for community: 15
2025-06-24 08:59:03 [32minfo[39m: Setting up listener for community: 16
2025-06-24 08:59:03 [32minfo[39m: Chat listeners setup complete
2025-06-24 08:59:03 [33mwarn[39m: Community 13 not found in database
2025-06-24 08:59:03 [33mwarn[39m: Community 13 not found in database
2025-06-24 08:59:03 [33mwarn[39m: Community 13 not found in database
2025-06-24 08:59:04 [33mwarn[39m: Community 13 not found in database
2025-06-24 09:11:00 [32minfo[39m: Setting up chat listeners...
2025-06-24 09:11:00 [32minfo[39m: Medication notification scheduler started
2025-06-24 09:11:00 [32minfo[39m: Setting up chat listeners...
2025-06-24 09:11:01 [32minfo[39m: Setting up listener for community: 1
2025-06-24 09:11:01 [32minfo[39m: Setting up listener for community: 1
2025-06-24 09:11:01 [32minfo[39m: Setting up listener for community: 3
2025-06-24 09:11:01 [32minfo[39m: Setting up listener for community: 3
2025-06-24 09:11:01 [32minfo[39m: Setting up listener for community: 4
2025-06-24 09:11:01 [32minfo[39m: Setting up listener for community: 4
2025-06-24 09:11:01 [32minfo[39m: Setting up listener for community: 9
2025-06-24 09:11:01 [32minfo[39m: Setting up listener for community: 9
2025-06-24 09:11:01 [32minfo[39m: Setting up listener for community: 13
2025-06-24 09:11:01 [32minfo[39m: New message in community 13 from user 4
2025-06-24 09:11:01 [32minfo[39m: Setting up listener for community: 13
2025-06-24 09:11:01 [32minfo[39m: New message in community 13 from user 4
2025-06-24 09:11:01 [32minfo[39m: Setting up listener for community: 15
2025-06-24 09:11:01 [32minfo[39m: Setting up listener for community: 15
2025-06-24 09:11:01 [32minfo[39m: Setting up listener for community: 16
2025-06-24 09:11:01 [32minfo[39m: Setting up listener for community: 16
2025-06-24 09:11:01 [32minfo[39m: Setting up listener for community: 1
2025-06-24 09:11:01 [32minfo[39m: Setting up listener for community: 3
2025-06-24 09:11:01 [32minfo[39m: Setting up listener for community: 4
2025-06-24 09:11:01 [32minfo[39m: Setting up listener for community: 9
2025-06-24 09:11:01 [32minfo[39m: Setting up listener for community: 13
2025-06-24 09:11:01 [32minfo[39m: New message in community 13 from user 4
2025-06-24 09:11:01 [32minfo[39m: Setting up listener for community: 15
2025-06-24 09:11:01 [32minfo[39m: Setting up listener for community: 16
2025-06-24 09:11:01 [32minfo[39m: Chat listeners setup complete
2025-06-24 09:11:01 [32minfo[39m: Setting up listener for community: 1
2025-06-24 09:11:01 [32minfo[39m: Setting up listener for community: 3
2025-06-24 09:11:01 [32minfo[39m: Setting up listener for community: 4
2025-06-24 09:11:01 [32minfo[39m: Setting up listener for community: 9
2025-06-24 09:11:01 [32minfo[39m: Setting up listener for community: 13
2025-06-24 09:11:01 [32minfo[39m: New message in community 13 from user 4
2025-06-24 09:11:01 [32minfo[39m: Setting up listener for community: 15
2025-06-24 09:11:01 [32minfo[39m: Setting up listener for community: 16
2025-06-24 09:11:01 [32minfo[39m: Chat listeners setup complete
2025-06-24 09:11:02 [33mwarn[39m: Community 13 not found in database
2025-06-24 09:11:02 [33mwarn[39m: Community 13 not found in database
2025-06-24 09:11:02 [33mwarn[39m: Community 13 not found in database
2025-06-24 09:11:02 [33mwarn[39m: Community 13 not found in database
2025-06-24 09:15:03 [32minfo[39m: Setting up chat listeners...
2025-06-24 09:15:03 [32minfo[39m: Medication notification scheduler started
2025-06-24 09:15:03 [32minfo[39m: Setting up chat listeners...
2025-06-24 09:15:04 [32minfo[39m: Setting up listener for community: 1
2025-06-24 09:15:04 [32minfo[39m: Setting up listener for community: 1
2025-06-24 09:15:04 [32minfo[39m: Setting up listener for community: 3
2025-06-24 09:15:04 [32minfo[39m: Setting up listener for community: 3
2025-06-24 09:15:04 [32minfo[39m: Setting up listener for community: 4
2025-06-24 09:15:04 [32minfo[39m: Setting up listener for community: 4
2025-06-24 09:15:04 [32minfo[39m: Setting up listener for community: 9
2025-06-24 09:15:04 [32minfo[39m: Setting up listener for community: 9
2025-06-24 09:15:04 [32minfo[39m: Setting up listener for community: 13
2025-06-24 09:15:04 [32minfo[39m: New message in community 13 from user 4
2025-06-24 09:15:04 [32minfo[39m: Setting up listener for community: 13
2025-06-24 09:15:04 [32minfo[39m: New message in community 13 from user 4
2025-06-24 09:15:04 [32minfo[39m: Setting up listener for community: 15
2025-06-24 09:15:04 [32minfo[39m: Setting up listener for community: 15
2025-06-24 09:15:04 [32minfo[39m: Setting up listener for community: 16
2025-06-24 09:15:04 [32minfo[39m: Setting up listener for community: 16
2025-06-24 09:15:04 [32minfo[39m: Setting up listener for community: 1
2025-06-24 09:15:04 [32minfo[39m: Setting up listener for community: 3
2025-06-24 09:15:04 [32minfo[39m: Setting up listener for community: 4
2025-06-24 09:15:04 [32minfo[39m: Setting up listener for community: 9
2025-06-24 09:15:04 [32minfo[39m: Setting up listener for community: 13
2025-06-24 09:15:04 [32minfo[39m: New message in community 13 from user 4
2025-06-24 09:15:04 [32minfo[39m: Setting up listener for community: 15
2025-06-24 09:15:04 [32minfo[39m: Setting up listener for community: 16
2025-06-24 09:15:04 [32minfo[39m: Chat listeners setup complete
2025-06-24 09:15:04 [32minfo[39m: Setting up listener for community: 1
2025-06-24 09:15:04 [32minfo[39m: Setting up listener for community: 3
2025-06-24 09:15:04 [32minfo[39m: Setting up listener for community: 4
2025-06-24 09:15:04 [32minfo[39m: Setting up listener for community: 9
2025-06-24 09:15:04 [32minfo[39m: Setting up listener for community: 13
2025-06-24 09:15:04 [32minfo[39m: New message in community 13 from user 4
2025-06-24 09:15:04 [32minfo[39m: Setting up listener for community: 15
2025-06-24 09:15:04 [32minfo[39m: Setting up listener for community: 16
2025-06-24 09:15:04 [32minfo[39m: Chat listeners setup complete
2025-06-24 09:15:06 [33mwarn[39m: Community 13 not found in database
2025-06-24 09:15:06 [33mwarn[39m: Community 13 not found in database
2025-06-24 09:15:06 [33mwarn[39m: Community 13 not found in database
2025-06-24 09:15:06 [33mwarn[39m: Community 13 not found in database
2025-06-24 09:15:18 [32minfo[39m: Setting up chat listeners...
2025-06-24 09:15:18 [32minfo[39m: Medication notification scheduler started
2025-06-24 09:15:18 [32minfo[39m: Setting up chat listeners...
2025-06-24 09:15:19 [32minfo[39m: Setting up listener for community: 1
2025-06-24 09:15:19 [32minfo[39m: Setting up listener for community: 1
2025-06-24 09:15:19 [32minfo[39m: Setting up listener for community: 3
2025-06-24 09:15:19 [32minfo[39m: Setting up listener for community: 3
2025-06-24 09:15:19 [32minfo[39m: Setting up listener for community: 4
2025-06-24 09:15:19 [32minfo[39m: Setting up listener for community: 4
2025-06-24 09:15:19 [32minfo[39m: Setting up listener for community: 9
2025-06-24 09:15:19 [32minfo[39m: Setting up listener for community: 9
2025-06-24 09:15:19 [32minfo[39m: Setting up listener for community: 13
2025-06-24 09:15:19 [32minfo[39m: New message in community 13 from user 4
2025-06-24 09:15:19 [32minfo[39m: Setting up listener for community: 13
2025-06-24 09:15:19 [32minfo[39m: New message in community 13 from user 4
2025-06-24 09:15:19 [32minfo[39m: Setting up listener for community: 15
2025-06-24 09:15:19 [32minfo[39m: Setting up listener for community: 15
2025-06-24 09:15:19 [32minfo[39m: Setting up listener for community: 16
2025-06-24 09:15:19 [32minfo[39m: Setting up listener for community: 16
2025-06-24 09:15:19 [32minfo[39m: Setting up listener for community: 1
2025-06-24 09:15:19 [32minfo[39m: Setting up listener for community: 3
2025-06-24 09:15:19 [32minfo[39m: Setting up listener for community: 4
2025-06-24 09:15:19 [32minfo[39m: Setting up listener for community: 9
2025-06-24 09:15:19 [32minfo[39m: Setting up listener for community: 13
2025-06-24 09:15:19 [32minfo[39m: New message in community 13 from user 4
2025-06-24 09:15:19 [32minfo[39m: Setting up listener for community: 15
2025-06-24 09:15:19 [32minfo[39m: Setting up listener for community: 16
2025-06-24 09:15:19 [32minfo[39m: Chat listeners setup complete
2025-06-24 09:15:19 [32minfo[39m: Setting up listener for community: 1
2025-06-24 09:15:19 [32minfo[39m: Setting up listener for community: 3
2025-06-24 09:15:19 [32minfo[39m: Setting up listener for community: 4
2025-06-24 09:15:19 [32minfo[39m: Setting up listener for community: 9
2025-06-24 09:15:19 [32minfo[39m: Setting up listener for community: 13
2025-06-24 09:15:19 [32minfo[39m: New message in community 13 from user 4
2025-06-24 09:15:19 [32minfo[39m: Setting up listener for community: 15
2025-06-24 09:15:19 [32minfo[39m: Setting up listener for community: 16
2025-06-24 09:15:19 [32minfo[39m: Chat listeners setup complete
2025-06-24 09:15:20 [33mwarn[39m: Community 13 not found in database
2025-06-24 09:15:20 [33mwarn[39m: Community 13 not found in database
2025-06-24 09:15:20 [33mwarn[39m: Community 13 not found in database
2025-06-24 09:15:20 [33mwarn[39m: Community 13 not found in database
2025-06-24 09:20:06 [32minfo[39m: Setting up chat listeners...
2025-06-24 09:20:06 [32minfo[39m: Medication notification scheduler started
2025-06-24 09:20:06 [32minfo[39m: Setting up chat listeners...
2025-06-24 09:20:08 [32minfo[39m: Setting up listener for community: 1
2025-06-24 09:20:08 [32minfo[39m: Setting up listener for community: 1
2025-06-24 09:20:08 [32minfo[39m: Setting up listener for community: 3
2025-06-24 09:20:08 [32minfo[39m: Setting up listener for community: 3
2025-06-24 09:20:08 [32minfo[39m: Setting up listener for community: 4
2025-06-24 09:20:08 [32minfo[39m: Setting up listener for community: 4
2025-06-24 09:20:08 [32minfo[39m: Setting up listener for community: 9
2025-06-24 09:20:08 [32minfo[39m: Setting up listener for community: 9
2025-06-24 09:20:08 [32minfo[39m: Setting up listener for community: 13
2025-06-24 09:20:08 [32minfo[39m: New message in community 13 from user 4
2025-06-24 09:20:08 [32minfo[39m: Setting up listener for community: 13
2025-06-24 09:20:08 [32minfo[39m: New message in community 13 from user 4
2025-06-24 09:20:08 [32minfo[39m: Setting up listener for community: 15
2025-06-24 09:20:08 [32minfo[39m: Setting up listener for community: 15
2025-06-24 09:20:08 [32minfo[39m: Setting up listener for community: 16
2025-06-24 09:20:08 [32minfo[39m: Setting up listener for community: 16
2025-06-24 09:20:08 [32minfo[39m: Setting up listener for community: 1
2025-06-24 09:20:08 [32minfo[39m: Setting up listener for community: 3
2025-06-24 09:20:08 [32minfo[39m: Setting up listener for community: 4
2025-06-24 09:20:08 [32minfo[39m: Setting up listener for community: 9
2025-06-24 09:20:08 [32minfo[39m: Setting up listener for community: 13
2025-06-24 09:20:08 [32minfo[39m: New message in community 13 from user 4
2025-06-24 09:20:08 [32minfo[39m: Setting up listener for community: 15
2025-06-24 09:20:08 [32minfo[39m: Setting up listener for community: 16
2025-06-24 09:20:08 [32minfo[39m: Chat listeners setup complete
2025-06-24 09:20:08 [32minfo[39m: Setting up listener for community: 1
2025-06-24 09:20:08 [32minfo[39m: Setting up listener for community: 3
2025-06-24 09:20:08 [32minfo[39m: Setting up listener for community: 4
2025-06-24 09:20:08 [32minfo[39m: Setting up listener for community: 9
2025-06-24 09:20:08 [32minfo[39m: Setting up listener for community: 13
2025-06-24 09:20:08 [32minfo[39m: New message in community 13 from user 4
2025-06-24 09:20:08 [32minfo[39m: Setting up listener for community: 15
2025-06-24 09:20:08 [32minfo[39m: Setting up listener for community: 16
2025-06-24 09:20:08 [32minfo[39m: Chat listeners setup complete
2025-06-24 09:20:08 [33mwarn[39m: Community 13 not found in database
2025-06-24 09:20:08 [33mwarn[39m: Community 13 not found in database
2025-06-24 09:20:09 [33mwarn[39m: Community 13 not found in database
2025-06-24 09:20:09 [33mwarn[39m: Community 13 not found in database
2025-06-24 09:22:27 [32minfo[39m: Setting up chat listeners...
2025-06-24 09:22:27 [32minfo[39m: Medication notification scheduler started
2025-06-24 09:22:27 [32minfo[39m: Setting up chat listeners...
2025-06-24 09:22:28 [32minfo[39m: Setting up listener for community: 1
2025-06-24 09:22:28 [32minfo[39m: Setting up listener for community: 1
2025-06-24 09:22:28 [32minfo[39m: Setting up listener for community: 3
2025-06-24 09:22:28 [32minfo[39m: Setting up listener for community: 3
2025-06-24 09:22:28 [32minfo[39m: Setting up listener for community: 4
2025-06-24 09:22:28 [32minfo[39m: Setting up listener for community: 4
2025-06-24 09:22:28 [32minfo[39m: Setting up listener for community: 9
2025-06-24 09:22:28 [32minfo[39m: Setting up listener for community: 9
2025-06-24 09:22:28 [32minfo[39m: Setting up listener for community: 13
2025-06-24 09:22:28 [32minfo[39m: New message in community 13 from user 4
2025-06-24 09:22:28 [32minfo[39m: Setting up listener for community: 13
2025-06-24 09:22:28 [32minfo[39m: New message in community 13 from user 4
2025-06-24 09:22:28 [32minfo[39m: Setting up listener for community: 15
2025-06-24 09:22:28 [32minfo[39m: Setting up listener for community: 15
2025-06-24 09:22:28 [32minfo[39m: Setting up listener for community: 16
2025-06-24 09:22:28 [32minfo[39m: Setting up listener for community: 16
2025-06-24 09:22:28 [32minfo[39m: Setting up listener for community: 1
2025-06-24 09:22:28 [32minfo[39m: Setting up listener for community: 3
2025-06-24 09:22:28 [32minfo[39m: Setting up listener for community: 4
2025-06-24 09:22:28 [32minfo[39m: Setting up listener for community: 9
2025-06-24 09:22:28 [32minfo[39m: Setting up listener for community: 13
2025-06-24 09:22:28 [32minfo[39m: New message in community 13 from user 4
2025-06-24 09:22:28 [32minfo[39m: Setting up listener for community: 15
2025-06-24 09:22:28 [32minfo[39m: Setting up listener for community: 16
2025-06-24 09:22:28 [32minfo[39m: Chat listeners setup complete
2025-06-24 09:22:28 [32minfo[39m: Setting up listener for community: 1
2025-06-24 09:22:28 [32minfo[39m: Setting up listener for community: 3
2025-06-24 09:22:28 [32minfo[39m: Setting up listener for community: 4
2025-06-24 09:22:28 [32minfo[39m: Setting up listener for community: 9
2025-06-24 09:22:28 [32minfo[39m: Setting up listener for community: 13
2025-06-24 09:22:28 [32minfo[39m: New message in community 13 from user 4
2025-06-24 09:22:28 [32minfo[39m: Setting up listener for community: 15
2025-06-24 09:22:28 [32minfo[39m: Setting up listener for community: 16
2025-06-24 09:22:28 [32minfo[39m: Chat listeners setup complete
2025-06-24 09:22:30 [33mwarn[39m: Community 13 not found in database
2025-06-24 09:22:30 [33mwarn[39m: Community 13 not found in database
2025-06-24 09:22:30 [33mwarn[39m: Community 13 not found in database
2025-06-24 09:22:30 [33mwarn[39m: Community 13 not found in database
2025-06-24 09:22:35 [32minfo[39m: Setting up chat listeners...
2025-06-24 09:22:35 [32minfo[39m: Medication notification scheduler started
2025-06-24 09:22:35 [32minfo[39m: Setting up chat listeners...
2025-06-24 09:22:36 [32minfo[39m: Setting up listener for community: 1
2025-06-24 09:22:36 [32minfo[39m: Setting up listener for community: 1
2025-06-24 09:22:36 [32minfo[39m: Setting up listener for community: 3
2025-06-24 09:22:36 [32minfo[39m: Setting up listener for community: 3
2025-06-24 09:22:36 [32minfo[39m: Setting up listener for community: 4
2025-06-24 09:22:36 [32minfo[39m: Setting up listener for community: 4
2025-06-24 09:22:36 [32minfo[39m: Setting up listener for community: 9
2025-06-24 09:22:36 [32minfo[39m: Setting up listener for community: 9
2025-06-24 09:22:36 [32minfo[39m: Setting up listener for community: 13
2025-06-24 09:22:36 [32minfo[39m: New message in community 13 from user 4
2025-06-24 09:22:36 [32minfo[39m: Setting up listener for community: 13
2025-06-24 09:22:36 [32minfo[39m: New message in community 13 from user 4
2025-06-24 09:22:36 [32minfo[39m: Setting up listener for community: 15
2025-06-24 09:22:36 [32minfo[39m: Setting up listener for community: 15
2025-06-24 09:22:36 [32minfo[39m: Setting up listener for community: 16
2025-06-24 09:22:36 [32minfo[39m: Setting up listener for community: 16
2025-06-24 09:22:36 [32minfo[39m: Setting up listener for community: 1
2025-06-24 09:22:36 [32minfo[39m: Setting up listener for community: 3
2025-06-24 09:22:36 [32minfo[39m: Setting up listener for community: 4
2025-06-24 09:22:36 [32minfo[39m: Setting up listener for community: 9
2025-06-24 09:22:36 [32minfo[39m: Setting up listener for community: 13
2025-06-24 09:22:36 [32minfo[39m: New message in community 13 from user 4
2025-06-24 09:22:36 [32minfo[39m: Setting up listener for community: 15
2025-06-24 09:22:36 [32minfo[39m: Setting up listener for community: 16
2025-06-24 09:22:36 [32minfo[39m: Chat listeners setup complete
2025-06-24 09:22:36 [32minfo[39m: Setting up listener for community: 1
2025-06-24 09:22:36 [32minfo[39m: Setting up listener for community: 3
2025-06-24 09:22:36 [32minfo[39m: Setting up listener for community: 4
2025-06-24 09:22:36 [32minfo[39m: Setting up listener for community: 9
2025-06-24 09:22:36 [32minfo[39m: Setting up listener for community: 13
2025-06-24 09:22:36 [32minfo[39m: New message in community 13 from user 4
2025-06-24 09:22:36 [32minfo[39m: Setting up listener for community: 15
2025-06-24 09:22:36 [32minfo[39m: Setting up listener for community: 16
2025-06-24 09:22:36 [32minfo[39m: Chat listeners setup complete
2025-06-24 09:22:37 [33mwarn[39m: Community 13 not found in database
2025-06-24 09:22:37 [33mwarn[39m: Community 13 not found in database
2025-06-24 09:22:37 [33mwarn[39m: Community 13 not found in database
2025-06-24 09:22:37 [33mwarn[39m: Community 13 not found in database
2025-06-24 09:24:39 [32minfo[39m: Setting up chat listeners...
2025-06-24 09:24:39 [32minfo[39m: Medication notification scheduler started
2025-06-24 09:24:39 [32minfo[39m: Setting up chat listeners...
2025-06-24 09:24:40 [32minfo[39m: Setting up listener for community: 1
2025-06-24 09:24:40 [32minfo[39m: Setting up listener for community: 1
2025-06-24 09:24:40 [32minfo[39m: Setting up listener for community: 3
2025-06-24 09:24:40 [32minfo[39m: Setting up listener for community: 3
2025-06-24 09:24:40 [32minfo[39m: Setting up listener for community: 4
2025-06-24 09:24:40 [32minfo[39m: Setting up listener for community: 4
2025-06-24 09:24:40 [32minfo[39m: Setting up listener for community: 9
2025-06-24 09:24:40 [32minfo[39m: Setting up listener for community: 9
2025-06-24 09:24:40 [32minfo[39m: Setting up listener for community: 13
2025-06-24 09:24:40 [32minfo[39m: New message in community 13 from user 4
2025-06-24 09:24:40 [32minfo[39m: Setting up listener for community: 13
2025-06-24 09:24:40 [32minfo[39m: New message in community 13 from user 4
2025-06-24 09:24:40 [32minfo[39m: Setting up listener for community: 15
2025-06-24 09:24:40 [32minfo[39m: Setting up listener for community: 15
2025-06-24 09:24:40 [32minfo[39m: Setting up listener for community: 16
2025-06-24 09:24:40 [32minfo[39m: Setting up listener for community: 16
2025-06-24 09:24:40 [32minfo[39m: Setting up listener for community: 1
2025-06-24 09:24:40 [32minfo[39m: Setting up listener for community: 3
2025-06-24 09:24:40 [32minfo[39m: Setting up listener for community: 4
2025-06-24 09:24:40 [32minfo[39m: Setting up listener for community: 9
2025-06-24 09:24:40 [32minfo[39m: Setting up listener for community: 13
2025-06-24 09:24:40 [32minfo[39m: New message in community 13 from user 4
2025-06-24 09:24:40 [32minfo[39m: Setting up listener for community: 15
2025-06-24 09:24:40 [32minfo[39m: Setting up listener for community: 16
2025-06-24 09:24:40 [32minfo[39m: Chat listeners setup complete
2025-06-24 09:24:40 [32minfo[39m: Setting up listener for community: 1
2025-06-24 09:24:40 [32minfo[39m: Setting up listener for community: 3
2025-06-24 09:24:40 [32minfo[39m: Setting up listener for community: 4
2025-06-24 09:24:40 [32minfo[39m: Setting up listener for community: 9
2025-06-24 09:24:40 [32minfo[39m: Setting up listener for community: 13
2025-06-24 09:24:40 [32minfo[39m: New message in community 13 from user 4
2025-06-24 09:24:40 [32minfo[39m: Setting up listener for community: 15
2025-06-24 09:24:40 [32minfo[39m: Setting up listener for community: 16
2025-06-24 09:24:40 [32minfo[39m: Chat listeners setup complete
2025-06-24 09:24:42 [33mwarn[39m: Community 13 not found in database
2025-06-24 09:24:42 [33mwarn[39m: Community 13 not found in database
2025-06-24 09:24:42 [33mwarn[39m: Community 13 not found in database
2025-06-24 09:24:42 [33mwarn[39m: Community 13 not found in database
2025-06-24 09:25:02 [32minfo[39m: Setting up chat listeners...
2025-06-24 09:25:02 [32minfo[39m: Medication notification scheduler started
2025-06-24 09:25:02 [32minfo[39m: Setting up chat listeners...
2025-06-24 09:25:03 [32minfo[39m: Setting up listener for community: 1
2025-06-24 09:25:03 [32minfo[39m: Setting up listener for community: 1
2025-06-24 09:25:03 [32minfo[39m: Setting up listener for community: 3
2025-06-24 09:25:03 [32minfo[39m: Setting up listener for community: 3
2025-06-24 09:25:03 [32minfo[39m: Setting up listener for community: 4
2025-06-24 09:25:03 [32minfo[39m: Setting up listener for community: 4
2025-06-24 09:25:03 [32minfo[39m: Setting up listener for community: 9
2025-06-24 09:25:03 [32minfo[39m: Setting up listener for community: 9
2025-06-24 09:25:03 [32minfo[39m: Setting up listener for community: 13
2025-06-24 09:25:03 [32minfo[39m: New message in community 13 from user 4
2025-06-24 09:25:03 [32minfo[39m: Setting up listener for community: 13
2025-06-24 09:25:03 [32minfo[39m: New message in community 13 from user 4
2025-06-24 09:25:03 [32minfo[39m: Setting up listener for community: 15
2025-06-24 09:25:03 [32minfo[39m: Setting up listener for community: 15
2025-06-24 09:25:03 [32minfo[39m: Setting up listener for community: 16
2025-06-24 09:25:03 [32minfo[39m: Setting up listener for community: 16
2025-06-24 09:25:03 [32minfo[39m: Setting up listener for community: 1
2025-06-24 09:25:03 [32minfo[39m: Setting up listener for community: 3
2025-06-24 09:25:03 [32minfo[39m: Setting up listener for community: 4
2025-06-24 09:25:03 [32minfo[39m: Setting up listener for community: 9
2025-06-24 09:25:03 [32minfo[39m: Setting up listener for community: 13
2025-06-24 09:25:03 [32minfo[39m: New message in community 13 from user 4
2025-06-24 09:25:03 [32minfo[39m: Setting up listener for community: 15
2025-06-24 09:25:03 [32minfo[39m: Setting up listener for community: 16
2025-06-24 09:25:03 [32minfo[39m: Chat listeners setup complete
2025-06-24 09:25:03 [32minfo[39m: Setting up listener for community: 1
2025-06-24 09:25:03 [32minfo[39m: Setting up listener for community: 3
2025-06-24 09:25:03 [32minfo[39m: Setting up listener for community: 4
2025-06-24 09:25:03 [32minfo[39m: Setting up listener for community: 9
2025-06-24 09:25:03 [32minfo[39m: Setting up listener for community: 13
2025-06-24 09:25:03 [32minfo[39m: New message in community 13 from user 4
2025-06-24 09:25:03 [32minfo[39m: Setting up listener for community: 15
2025-06-24 09:25:03 [32minfo[39m: Setting up listener for community: 16
2025-06-24 09:25:03 [32minfo[39m: Chat listeners setup complete
2025-06-24 09:25:04 [33mwarn[39m: Community 13 not found in database
2025-06-24 09:25:04 [33mwarn[39m: Community 13 not found in database
2025-06-24 09:25:04 [33mwarn[39m: Community 13 not found in database
2025-06-24 09:25:04 [33mwarn[39m: Community 13 not found in database
2025-06-24 09:25:11 [32minfo[39m: Setting up chat listeners...
2025-06-24 09:25:11 [32minfo[39m: Medication notification scheduler started
2025-06-24 09:25:11 [32minfo[39m: Setting up chat listeners...
2025-06-24 09:25:12 [32minfo[39m: Setting up listener for community: 1
2025-06-24 09:25:12 [32minfo[39m: Setting up listener for community: 1
2025-06-24 09:25:12 [32minfo[39m: Setting up listener for community: 3
2025-06-24 09:25:12 [32minfo[39m: Setting up listener for community: 3
2025-06-24 09:25:12 [32minfo[39m: Setting up listener for community: 4
2025-06-24 09:25:12 [32minfo[39m: Setting up listener for community: 4
2025-06-24 09:25:12 [32minfo[39m: Setting up listener for community: 9
2025-06-24 09:25:12 [32minfo[39m: Setting up listener for community: 9
2025-06-24 09:25:12 [32minfo[39m: Setting up listener for community: 13
2025-06-24 09:25:12 [32minfo[39m: New message in community 13 from user 4
2025-06-24 09:25:12 [32minfo[39m: Setting up listener for community: 13
2025-06-24 09:25:12 [32minfo[39m: New message in community 13 from user 4
2025-06-24 09:25:12 [32minfo[39m: Setting up listener for community: 15
2025-06-24 09:25:12 [32minfo[39m: Setting up listener for community: 15
2025-06-24 09:25:12 [32minfo[39m: Setting up listener for community: 16
2025-06-24 09:25:12 [32minfo[39m: Setting up listener for community: 16
2025-06-24 09:25:12 [32minfo[39m: Setting up listener for community: 1
2025-06-24 09:25:12 [32minfo[39m: Setting up listener for community: 3
2025-06-24 09:25:12 [32minfo[39m: Setting up listener for community: 4
2025-06-24 09:25:12 [32minfo[39m: Setting up listener for community: 9
2025-06-24 09:25:12 [32minfo[39m: Setting up listener for community: 13
2025-06-24 09:25:12 [32minfo[39m: New message in community 13 from user 4
2025-06-24 09:25:12 [32minfo[39m: Setting up listener for community: 15
2025-06-24 09:25:12 [32minfo[39m: Setting up listener for community: 16
2025-06-24 09:25:12 [32minfo[39m: Chat listeners setup complete
2025-06-24 09:25:12 [32minfo[39m: Setting up listener for community: 1
2025-06-24 09:25:12 [32minfo[39m: Setting up listener for community: 3
2025-06-24 09:25:12 [32minfo[39m: Setting up listener for community: 4
2025-06-24 09:25:12 [32minfo[39m: Setting up listener for community: 9
2025-06-24 09:25:12 [32minfo[39m: Setting up listener for community: 13
2025-06-24 09:25:12 [32minfo[39m: New message in community 13 from user 4
2025-06-24 09:25:12 [32minfo[39m: Setting up listener for community: 15
2025-06-24 09:25:12 [32minfo[39m: Setting up listener for community: 16
2025-06-24 09:25:12 [32minfo[39m: Chat listeners setup complete
2025-06-24 09:25:13 [33mwarn[39m: Community 13 not found in database
2025-06-24 09:25:13 [33mwarn[39m: Community 13 not found in database
2025-06-24 09:25:13 [33mwarn[39m: Community 13 not found in database
2025-06-24 09:25:13 [33mwarn[39m: Community 13 not found in database
2025-06-24 09:25:21 [32minfo[39m: Setting up chat listeners...
2025-06-24 09:25:21 [32minfo[39m: Medication notification scheduler started
2025-06-24 09:25:21 [32minfo[39m: Setting up chat listeners...
2025-06-24 09:25:22 [32minfo[39m: Setting up listener for community: 1
2025-06-24 09:25:22 [32minfo[39m: Setting up listener for community: 1
2025-06-24 09:25:22 [32minfo[39m: Setting up listener for community: 3
2025-06-24 09:25:22 [32minfo[39m: Setting up listener for community: 3
2025-06-24 09:25:22 [32minfo[39m: Setting up listener for community: 4
2025-06-24 09:25:22 [32minfo[39m: Setting up listener for community: 4
2025-06-24 09:25:22 [32minfo[39m: Setting up listener for community: 9
2025-06-24 09:25:22 [32minfo[39m: Setting up listener for community: 9
2025-06-24 09:25:22 [32minfo[39m: Setting up listener for community: 13
2025-06-24 09:25:22 [32minfo[39m: New message in community 13 from user 4
2025-06-24 09:25:22 [32minfo[39m: Setting up listener for community: 13
2025-06-24 09:25:22 [32minfo[39m: New message in community 13 from user 4
2025-06-24 09:25:22 [32minfo[39m: Setting up listener for community: 15
2025-06-24 09:25:22 [32minfo[39m: Setting up listener for community: 15
2025-06-24 09:25:22 [32minfo[39m: Setting up listener for community: 16
2025-06-24 09:25:22 [32minfo[39m: Setting up listener for community: 16
2025-06-24 09:25:22 [32minfo[39m: Setting up listener for community: 1
2025-06-24 09:25:22 [32minfo[39m: Setting up listener for community: 3
2025-06-24 09:25:22 [32minfo[39m: Setting up listener for community: 4
2025-06-24 09:25:22 [32minfo[39m: Setting up listener for community: 9
2025-06-24 09:25:22 [32minfo[39m: Setting up listener for community: 13
2025-06-24 09:25:22 [32minfo[39m: New message in community 13 from user 4
2025-06-24 09:25:22 [32minfo[39m: Setting up listener for community: 15
2025-06-24 09:25:22 [32minfo[39m: Setting up listener for community: 16
2025-06-24 09:25:22 [32minfo[39m: Chat listeners setup complete
2025-06-24 09:25:22 [32minfo[39m: Setting up listener for community: 1
2025-06-24 09:25:22 [32minfo[39m: Setting up listener for community: 3
2025-06-24 09:25:22 [32minfo[39m: Setting up listener for community: 4
2025-06-24 09:25:22 [32minfo[39m: Setting up listener for community: 9
2025-06-24 09:25:22 [32minfo[39m: Setting up listener for community: 13
2025-06-24 09:25:22 [32minfo[39m: New message in community 13 from user 4
2025-06-24 09:25:22 [32minfo[39m: Setting up listener for community: 15
2025-06-24 09:25:22 [32minfo[39m: Setting up listener for community: 16
2025-06-24 09:25:22 [32minfo[39m: Chat listeners setup complete
2025-06-24 09:25:23 [33mwarn[39m: Community 13 not found in database
2025-06-24 09:25:23 [33mwarn[39m: Community 13 not found in database
2025-06-24 09:25:23 [33mwarn[39m: Community 13 not found in database
2025-06-24 09:25:23 [33mwarn[39m: Community 13 not found in database
2025-06-24 09:25:27 [32minfo[39m: Setting up chat listeners...
2025-06-24 09:25:27 [32minfo[39m: Medication notification scheduler started
2025-06-24 09:25:27 [32minfo[39m: Setting up chat listeners...
2025-06-24 09:25:27 [32minfo[39m: Setting up listener for community: 1
2025-06-24 09:25:27 [32minfo[39m: Setting up listener for community: 1
2025-06-24 09:25:27 [32minfo[39m: Setting up listener for community: 3
2025-06-24 09:25:27 [32minfo[39m: Setting up listener for community: 3
2025-06-24 09:25:27 [32minfo[39m: Setting up listener for community: 4
2025-06-24 09:25:27 [32minfo[39m: Setting up listener for community: 4
2025-06-24 09:25:27 [32minfo[39m: Setting up listener for community: 9
2025-06-24 09:25:27 [32minfo[39m: Setting up listener for community: 9
2025-06-24 09:25:27 [32minfo[39m: Setting up listener for community: 13
2025-06-24 09:25:27 [32minfo[39m: New message in community 13 from user 4
2025-06-24 09:25:27 [32minfo[39m: Setting up listener for community: 13
2025-06-24 09:25:27 [32minfo[39m: New message in community 13 from user 4
2025-06-24 09:25:27 [32minfo[39m: Setting up listener for community: 15
2025-06-24 09:25:27 [32minfo[39m: Setting up listener for community: 15
2025-06-24 09:25:27 [32minfo[39m: Setting up listener for community: 16
2025-06-24 09:25:27 [32minfo[39m: Setting up listener for community: 16
2025-06-24 09:25:27 [32minfo[39m: Setting up listener for community: 1
2025-06-24 09:25:27 [32minfo[39m: Setting up listener for community: 3
2025-06-24 09:25:27 [32minfo[39m: Setting up listener for community: 4
2025-06-24 09:25:27 [32minfo[39m: Setting up listener for community: 9
2025-06-24 09:25:27 [32minfo[39m: Setting up listener for community: 13
2025-06-24 09:25:27 [32minfo[39m: New message in community 13 from user 4
2025-06-24 09:25:27 [32minfo[39m: Setting up listener for community: 15
2025-06-24 09:25:27 [32minfo[39m: Setting up listener for community: 16
2025-06-24 09:25:27 [32minfo[39m: Chat listeners setup complete
2025-06-24 09:25:27 [32minfo[39m: Setting up listener for community: 1
2025-06-24 09:25:27 [32minfo[39m: Setting up listener for community: 3
2025-06-24 09:25:27 [32minfo[39m: Setting up listener for community: 4
2025-06-24 09:25:27 [32minfo[39m: Setting up listener for community: 9
2025-06-24 09:25:27 [32minfo[39m: Setting up listener for community: 13
2025-06-24 09:25:27 [32minfo[39m: New message in community 13 from user 4
2025-06-24 09:25:27 [32minfo[39m: Setting up listener for community: 15
2025-06-24 09:25:27 [32minfo[39m: Setting up listener for community: 16
2025-06-24 09:25:27 [32minfo[39m: Chat listeners setup complete
2025-06-24 09:25:29 [33mwarn[39m: Community 13 not found in database
2025-06-24 09:25:29 [33mwarn[39m: Community 13 not found in database
2025-06-24 09:25:29 [33mwarn[39m: Community 13 not found in database
2025-06-24 09:25:29 [33mwarn[39m: Community 13 not found in database
2025-06-24 09:26:38 [32minfo[39m: Setting up chat listeners...
2025-06-24 09:26:38 [32minfo[39m: Medication notification scheduler started
2025-06-24 09:26:38 [32minfo[39m: Setting up chat listeners...
2025-06-24 09:26:39 [32minfo[39m: Setting up listener for community: 1
2025-06-24 09:26:39 [32minfo[39m: Setting up listener for community: 1
2025-06-24 09:26:39 [32minfo[39m: Setting up listener for community: 3
2025-06-24 09:26:39 [32minfo[39m: Setting up listener for community: 3
2025-06-24 09:26:39 [32minfo[39m: Setting up listener for community: 4
2025-06-24 09:26:39 [32minfo[39m: Setting up listener for community: 4
2025-06-24 09:26:39 [32minfo[39m: Setting up listener for community: 9
2025-06-24 09:26:39 [32minfo[39m: Setting up listener for community: 9
2025-06-24 09:26:39 [32minfo[39m: Setting up listener for community: 13
2025-06-24 09:26:39 [32minfo[39m: New message in community 13 from user 4
2025-06-24 09:26:39 [32minfo[39m: Setting up listener for community: 13
2025-06-24 09:26:39 [32minfo[39m: New message in community 13 from user 4
2025-06-24 09:26:39 [32minfo[39m: Setting up listener for community: 15
2025-06-24 09:26:39 [32minfo[39m: Setting up listener for community: 15
2025-06-24 09:26:39 [32minfo[39m: Setting up listener for community: 16
2025-06-24 09:26:39 [32minfo[39m: Setting up listener for community: 16
2025-06-24 09:26:39 [32minfo[39m: Setting up listener for community: 1
2025-06-24 09:26:39 [32minfo[39m: Setting up listener for community: 3
2025-06-24 09:26:39 [32minfo[39m: Setting up listener for community: 4
2025-06-24 09:26:39 [32minfo[39m: Setting up listener for community: 9
2025-06-24 09:26:39 [32minfo[39m: Setting up listener for community: 13
2025-06-24 09:26:39 [32minfo[39m: New message in community 13 from user 4
2025-06-24 09:26:39 [32minfo[39m: Setting up listener for community: 15
2025-06-24 09:26:39 [32minfo[39m: Setting up listener for community: 16
2025-06-24 09:26:39 [32minfo[39m: Chat listeners setup complete
2025-06-24 09:26:39 [32minfo[39m: Setting up listener for community: 1
2025-06-24 09:26:39 [32minfo[39m: Setting up listener for community: 3
2025-06-24 09:26:39 [32minfo[39m: Setting up listener for community: 4
2025-06-24 09:26:39 [32minfo[39m: Setting up listener for community: 9
2025-06-24 09:26:39 [32minfo[39m: Setting up listener for community: 13
2025-06-24 09:26:39 [32minfo[39m: New message in community 13 from user 4
2025-06-24 09:26:39 [32minfo[39m: Setting up listener for community: 15
2025-06-24 09:26:39 [32minfo[39m: Setting up listener for community: 16
2025-06-24 09:26:39 [32minfo[39m: Chat listeners setup complete
2025-06-24 09:26:40 [33mwarn[39m: Community 13 not found in database
2025-06-24 09:26:40 [33mwarn[39m: Community 13 not found in database
2025-06-24 09:26:40 [33mwarn[39m: Community 13 not found in database
2025-06-24 09:26:40 [33mwarn[39m: Community 13 not found in database
2025-06-24 09:27:19 [32minfo[39m: Setting up chat listeners...
2025-06-24 09:27:19 [32minfo[39m: Medication notification scheduler started
2025-06-24 09:27:19 [32minfo[39m: Setting up chat listeners...
2025-06-24 09:27:20 [32minfo[39m: Setting up listener for community: 1
2025-06-24 09:27:20 [32minfo[39m: Setting up listener for community: 1
2025-06-24 09:27:20 [32minfo[39m: Setting up listener for community: 3
2025-06-24 09:27:20 [32minfo[39m: Setting up listener for community: 3
2025-06-24 09:27:20 [32minfo[39m: Setting up listener for community: 4
2025-06-24 09:27:20 [32minfo[39m: Setting up listener for community: 4
2025-06-24 09:27:20 [32minfo[39m: Setting up listener for community: 9
2025-06-24 09:27:20 [32minfo[39m: Setting up listener for community: 9
2025-06-24 09:27:20 [32minfo[39m: Setting up listener for community: 13
2025-06-24 09:27:20 [32minfo[39m: New message in community 13 from user 4
2025-06-24 09:27:20 [32minfo[39m: Setting up listener for community: 13
2025-06-24 09:27:20 [32minfo[39m: New message in community 13 from user 4
2025-06-24 09:27:20 [32minfo[39m: Setting up listener for community: 15
2025-06-24 09:27:20 [32minfo[39m: Setting up listener for community: 15
2025-06-24 09:27:20 [32minfo[39m: Setting up listener for community: 16
2025-06-24 09:27:20 [32minfo[39m: Setting up listener for community: 16
2025-06-24 09:27:20 [32minfo[39m: Setting up listener for community: 1
2025-06-24 09:27:20 [32minfo[39m: Setting up listener for community: 3
2025-06-24 09:27:20 [32minfo[39m: Setting up listener for community: 4
2025-06-24 09:27:20 [32minfo[39m: Setting up listener for community: 9
2025-06-24 09:27:20 [32minfo[39m: Setting up listener for community: 13
2025-06-24 09:27:20 [32minfo[39m: New message in community 13 from user 4
2025-06-24 09:27:20 [32minfo[39m: Setting up listener for community: 15
2025-06-24 09:27:20 [32minfo[39m: Setting up listener for community: 16
2025-06-24 09:27:20 [32minfo[39m: Chat listeners setup complete
2025-06-24 09:27:20 [32minfo[39m: Setting up listener for community: 1
2025-06-24 09:27:20 [32minfo[39m: Setting up listener for community: 3
2025-06-24 09:27:20 [32minfo[39m: Setting up listener for community: 4
2025-06-24 09:27:20 [32minfo[39m: Setting up listener for community: 9
2025-06-24 09:27:20 [32minfo[39m: Setting up listener for community: 13
2025-06-24 09:27:20 [32minfo[39m: New message in community 13 from user 4
2025-06-24 09:27:20 [32minfo[39m: Setting up listener for community: 15
2025-06-24 09:27:20 [32minfo[39m: Setting up listener for community: 16
2025-06-24 09:27:20 [32minfo[39m: Chat listeners setup complete
2025-06-24 09:27:21 [33mwarn[39m: Community 13 not found in database
2025-06-24 09:27:21 [33mwarn[39m: Community 13 not found in database
2025-06-24 09:27:21 [33mwarn[39m: Community 13 not found in database
2025-06-24 09:27:21 [33mwarn[39m: Community 13 not found in database
2025-06-24 09:27:41 [32minfo[39m: Setting up chat listeners...
2025-06-24 09:27:41 [32minfo[39m: Medication notification scheduler started
2025-06-24 09:27:41 [32minfo[39m: Setting up chat listeners...
2025-06-24 09:27:44 [32minfo[39m: Setting up chat listeners...
2025-06-24 09:27:44 [32minfo[39m: Medication notification scheduler started
2025-06-24 09:27:44 [32minfo[39m: Setting up chat listeners...
2025-06-24 09:27:45 [32minfo[39m: Setting up listener for community: 1
2025-06-24 09:27:45 [32minfo[39m: Setting up listener for community: 1
2025-06-24 09:27:45 [32minfo[39m: Setting up listener for community: 3
2025-06-24 09:27:45 [32minfo[39m: Setting up listener for community: 3
2025-06-24 09:27:45 [32minfo[39m: Setting up listener for community: 4
2025-06-24 09:27:45 [32minfo[39m: Setting up listener for community: 4
2025-06-24 09:27:45 [32minfo[39m: Setting up listener for community: 9
2025-06-24 09:27:45 [32minfo[39m: Setting up listener for community: 9
2025-06-24 09:27:45 [32minfo[39m: Setting up listener for community: 13
2025-06-24 09:27:45 [32minfo[39m: New message in community 13 from user 4
2025-06-24 09:27:45 [32minfo[39m: Setting up listener for community: 13
2025-06-24 09:27:45 [32minfo[39m: New message in community 13 from user 4
2025-06-24 09:27:45 [32minfo[39m: Setting up listener for community: 15
2025-06-24 09:27:45 [32minfo[39m: Setting up listener for community: 15
2025-06-24 09:27:45 [32minfo[39m: Setting up listener for community: 16
2025-06-24 09:27:45 [32minfo[39m: Setting up listener for community: 16
2025-06-24 09:27:45 [32minfo[39m: Setting up listener for community: 1
2025-06-24 09:27:45 [32minfo[39m: Setting up listener for community: 3
2025-06-24 09:27:45 [32minfo[39m: Setting up listener for community: 4
2025-06-24 09:27:45 [32minfo[39m: Setting up listener for community: 9
2025-06-24 09:27:45 [32minfo[39m: Setting up listener for community: 13
2025-06-24 09:27:45 [32minfo[39m: New message in community 13 from user 4
2025-06-24 09:27:45 [32minfo[39m: Setting up listener for community: 15
2025-06-24 09:27:45 [32minfo[39m: Setting up listener for community: 16
2025-06-24 09:27:45 [32minfo[39m: Chat listeners setup complete
2025-06-24 09:27:45 [32minfo[39m: Setting up listener for community: 1
2025-06-24 09:27:45 [32minfo[39m: Setting up listener for community: 3
2025-06-24 09:27:45 [32minfo[39m: Setting up listener for community: 4
2025-06-24 09:27:45 [32minfo[39m: Setting up listener for community: 9
2025-06-24 09:27:45 [32minfo[39m: Setting up listener for community: 13
2025-06-24 09:27:45 [32minfo[39m: New message in community 13 from user 4
2025-06-24 09:27:45 [32minfo[39m: Setting up listener for community: 15
2025-06-24 09:27:45 [32minfo[39m: Setting up listener for community: 16
2025-06-24 09:27:45 [32minfo[39m: Chat listeners setup complete
2025-06-24 09:27:46 [33mwarn[39m: Community 13 not found in database
2025-06-24 09:27:46 [33mwarn[39m: Community 13 not found in database
2025-06-24 09:27:46 [33mwarn[39m: Community 13 not found in database
2025-06-24 09:27:46 [33mwarn[39m: Community 13 not found in database
2025-06-24 09:28:11 [32minfo[39m: Setting up chat listeners...
2025-06-24 09:28:11 [32minfo[39m: Medication notification scheduler started
2025-06-24 09:28:11 [32minfo[39m: Setting up chat listeners...
2025-06-24 09:28:12 [32minfo[39m: Setting up listener for community: 1
2025-06-24 09:28:12 [32minfo[39m: Setting up listener for community: 1
2025-06-24 09:28:12 [32minfo[39m: Setting up listener for community: 3
2025-06-24 09:28:12 [32minfo[39m: Setting up listener for community: 3
2025-06-24 09:28:12 [32minfo[39m: Setting up listener for community: 4
2025-06-24 09:28:12 [32minfo[39m: Setting up listener for community: 4
2025-06-24 09:28:12 [32minfo[39m: Setting up listener for community: 9
2025-06-24 09:28:12 [32minfo[39m: Setting up listener for community: 9
2025-06-24 09:28:12 [32minfo[39m: Setting up listener for community: 13
2025-06-24 09:28:12 [32minfo[39m: New message in community 13 from user 4
2025-06-24 09:28:12 [32minfo[39m: Setting up listener for community: 13
2025-06-24 09:28:12 [32minfo[39m: New message in community 13 from user 4
2025-06-24 09:28:12 [32minfo[39m: Setting up listener for community: 15
2025-06-24 09:28:12 [32minfo[39m: Setting up listener for community: 15
2025-06-24 09:28:12 [32minfo[39m: Setting up listener for community: 16
2025-06-24 09:28:12 [32minfo[39m: Setting up listener for community: 16
2025-06-24 09:28:12 [32minfo[39m: Setting up listener for community: 1
2025-06-24 09:28:12 [32minfo[39m: Setting up listener for community: 3
2025-06-24 09:28:12 [32minfo[39m: Setting up listener for community: 4
2025-06-24 09:28:12 [32minfo[39m: Setting up listener for community: 9
2025-06-24 09:28:12 [32minfo[39m: Setting up listener for community: 13
2025-06-24 09:28:12 [32minfo[39m: New message in community 13 from user 4
2025-06-24 09:28:12 [32minfo[39m: Setting up listener for community: 15
2025-06-24 09:28:12 [32minfo[39m: Setting up listener for community: 16
2025-06-24 09:28:12 [32minfo[39m: Chat listeners setup complete
2025-06-24 09:28:12 [32minfo[39m: Setting up listener for community: 1
2025-06-24 09:28:12 [32minfo[39m: Setting up listener for community: 3
2025-06-24 09:28:12 [32minfo[39m: Setting up listener for community: 4
2025-06-24 09:28:12 [32minfo[39m: Setting up listener for community: 9
2025-06-24 09:28:12 [32minfo[39m: Setting up listener for community: 13
2025-06-24 09:28:12 [32minfo[39m: New message in community 13 from user 4
2025-06-24 09:28:12 [32minfo[39m: Setting up listener for community: 15
2025-06-24 09:28:12 [32minfo[39m: Setting up listener for community: 16
2025-06-24 09:28:12 [32minfo[39m: Chat listeners setup complete
2025-06-24 09:28:13 [33mwarn[39m: Community 13 not found in database
2025-06-24 09:28:14 [33mwarn[39m: Community 13 not found in database
2025-06-24 09:28:14 [33mwarn[39m: Community 13 not found in database
2025-06-24 09:28:14 [33mwarn[39m: Community 13 not found in database
2025-06-24 09:28:21 [32minfo[39m: Setting up chat listeners...
2025-06-24 09:28:22 [32minfo[39m: Medication notification scheduler started
2025-06-24 09:28:22 [32minfo[39m: Setting up chat listeners...
2025-06-24 09:28:22 [32minfo[39m: Setting up listener for community: 1
2025-06-24 09:28:22 [32minfo[39m: Setting up listener for community: 1
2025-06-24 09:28:22 [32minfo[39m: Setting up listener for community: 3
2025-06-24 09:28:22 [32minfo[39m: Setting up listener for community: 3
2025-06-24 09:28:22 [32minfo[39m: Setting up listener for community: 4
2025-06-24 09:28:22 [32minfo[39m: Setting up listener for community: 4
2025-06-24 09:28:22 [32minfo[39m: Setting up listener for community: 9
2025-06-24 09:28:22 [32minfo[39m: Setting up listener for community: 9
2025-06-24 09:28:22 [32minfo[39m: Setting up listener for community: 13
2025-06-24 09:28:22 [32minfo[39m: New message in community 13 from user 4
2025-06-24 09:28:22 [32minfo[39m: Setting up listener for community: 13
2025-06-24 09:28:22 [32minfo[39m: New message in community 13 from user 4
2025-06-24 09:28:22 [32minfo[39m: Setting up listener for community: 15
2025-06-24 09:28:22 [32minfo[39m: Setting up listener for community: 15
2025-06-24 09:28:22 [32minfo[39m: Setting up listener for community: 16
2025-06-24 09:28:22 [32minfo[39m: Setting up listener for community: 16
2025-06-24 09:28:22 [32minfo[39m: Setting up listener for community: 1
2025-06-24 09:28:22 [32minfo[39m: Setting up listener for community: 3
2025-06-24 09:28:22 [32minfo[39m: Setting up listener for community: 4
2025-06-24 09:28:22 [32minfo[39m: Setting up listener for community: 9
2025-06-24 09:28:22 [32minfo[39m: Setting up listener for community: 13
2025-06-24 09:28:22 [32minfo[39m: New message in community 13 from user 4
2025-06-24 09:28:22 [32minfo[39m: Setting up listener for community: 15
2025-06-24 09:28:22 [32minfo[39m: Setting up listener for community: 16
2025-06-24 09:28:22 [32minfo[39m: Chat listeners setup complete
2025-06-24 09:28:22 [32minfo[39m: Setting up listener for community: 1
2025-06-24 09:28:22 [32minfo[39m: Setting up listener for community: 3
2025-06-24 09:28:22 [32minfo[39m: Setting up listener for community: 4
2025-06-24 09:28:22 [32minfo[39m: Setting up listener for community: 9
2025-06-24 09:28:22 [32minfo[39m: Setting up listener for community: 13
2025-06-24 09:28:22 [32minfo[39m: New message in community 13 from user 4
2025-06-24 09:28:22 [32minfo[39m: Setting up listener for community: 15
2025-06-24 09:28:22 [32minfo[39m: Setting up listener for community: 16
2025-06-24 09:28:22 [32minfo[39m: Chat listeners setup complete
2025-06-24 09:28:24 [33mwarn[39m: Community 13 not found in database
2025-06-24 09:28:24 [33mwarn[39m: Community 13 not found in database
2025-06-24 09:28:24 [33mwarn[39m: Community 13 not found in database
2025-06-24 09:28:24 [33mwarn[39m: Community 13 not found in database
2025-06-24 09:28:37 [32minfo[39m: Setting up chat listeners...
2025-06-24 09:28:37 [32minfo[39m: Medication notification scheduler started
2025-06-24 09:28:37 [32minfo[39m: Setting up chat listeners...
2025-06-24 09:28:37 [32minfo[39m: Setting up listener for community: 1
2025-06-24 09:28:37 [32minfo[39m: Setting up listener for community: 1
2025-06-24 09:28:37 [32minfo[39m: Setting up listener for community: 3
2025-06-24 09:28:37 [32minfo[39m: Setting up listener for community: 3
2025-06-24 09:28:37 [32minfo[39m: Setting up listener for community: 4
2025-06-24 09:28:37 [32minfo[39m: Setting up listener for community: 4
2025-06-24 09:28:37 [32minfo[39m: Setting up listener for community: 9
2025-06-24 09:28:37 [32minfo[39m: Setting up listener for community: 9
2025-06-24 09:28:37 [32minfo[39m: Setting up listener for community: 13
2025-06-24 09:28:37 [32minfo[39m: New message in community 13 from user 4
2025-06-24 09:28:37 [32minfo[39m: Setting up listener for community: 13
2025-06-24 09:28:37 [32minfo[39m: New message in community 13 from user 4
2025-06-24 09:28:37 [32minfo[39m: Setting up listener for community: 15
2025-06-24 09:28:37 [32minfo[39m: Setting up listener for community: 15
2025-06-24 09:28:37 [32minfo[39m: Setting up listener for community: 16
2025-06-24 09:28:37 [32minfo[39m: Setting up listener for community: 16
2025-06-24 09:28:37 [32minfo[39m: Setting up listener for community: 1
2025-06-24 09:28:37 [32minfo[39m: Setting up listener for community: 3
2025-06-24 09:28:37 [32minfo[39m: Setting up listener for community: 4
2025-06-24 09:28:37 [32minfo[39m: Setting up listener for community: 9
2025-06-24 09:28:37 [32minfo[39m: Setting up listener for community: 13
2025-06-24 09:28:37 [32minfo[39m: New message in community 13 from user 4
2025-06-24 09:28:37 [32minfo[39m: Setting up listener for community: 15
2025-06-24 09:28:37 [32minfo[39m: Setting up listener for community: 16
2025-06-24 09:28:37 [32minfo[39m: Chat listeners setup complete
2025-06-24 09:28:37 [32minfo[39m: Setting up listener for community: 1
2025-06-24 09:28:37 [32minfo[39m: Setting up listener for community: 3
2025-06-24 09:28:37 [32minfo[39m: Setting up listener for community: 4
2025-06-24 09:28:37 [32minfo[39m: Setting up listener for community: 9
2025-06-24 09:28:37 [32minfo[39m: Setting up listener for community: 13
2025-06-24 09:28:37 [32minfo[39m: New message in community 13 from user 4
2025-06-24 09:28:37 [32minfo[39m: Setting up listener for community: 15
2025-06-24 09:28:37 [32minfo[39m: Setting up listener for community: 16
2025-06-24 09:28:37 [32minfo[39m: Chat listeners setup complete
2025-06-24 09:28:39 [33mwarn[39m: Community 13 not found in database
2025-06-24 09:28:39 [33mwarn[39m: Community 13 not found in database
2025-06-24 09:28:39 [33mwarn[39m: Community 13 not found in database
2025-06-24 09:28:39 [33mwarn[39m: Community 13 not found in database
2025-06-24 09:29:25 [32minfo[39m: Setting up chat listeners...
2025-06-24 09:29:25 [32minfo[39m: Medication notification scheduler started
2025-06-24 09:29:25 [32minfo[39m: Setting up chat listeners...
2025-06-24 09:29:25 [32minfo[39m: Setting up listener for community: 1
2025-06-24 09:29:25 [32minfo[39m: Setting up listener for community: 1
2025-06-24 09:29:25 [32minfo[39m: Setting up listener for community: 3
2025-06-24 09:29:25 [32minfo[39m: Setting up listener for community: 3
2025-06-24 09:29:25 [32minfo[39m: Setting up listener for community: 4
2025-06-24 09:29:25 [32minfo[39m: Setting up listener for community: 4
2025-06-24 09:29:25 [32minfo[39m: Setting up listener for community: 9
2025-06-24 09:29:25 [32minfo[39m: Setting up listener for community: 9
2025-06-24 09:29:25 [32minfo[39m: Setting up listener for community: 13
2025-06-24 09:29:25 [32minfo[39m: New message in community 13 from user 4
2025-06-24 09:29:25 [32minfo[39m: Setting up listener for community: 13
2025-06-24 09:29:25 [32minfo[39m: New message in community 13 from user 4
2025-06-24 09:29:25 [32minfo[39m: Setting up listener for community: 15
2025-06-24 09:29:25 [32minfo[39m: Setting up listener for community: 15
2025-06-24 09:29:25 [32minfo[39m: Setting up listener for community: 16
2025-06-24 09:29:25 [32minfo[39m: Setting up listener for community: 16
2025-06-24 09:29:25 [32minfo[39m: Setting up listener for community: 1
2025-06-24 09:29:25 [32minfo[39m: Setting up listener for community: 3
2025-06-24 09:29:25 [32minfo[39m: Setting up listener for community: 4
2025-06-24 09:29:26 [32minfo[39m: Setting up listener for community: 9
2025-06-24 09:29:26 [32minfo[39m: Setting up listener for community: 13
2025-06-24 09:29:26 [32minfo[39m: New message in community 13 from user 4
2025-06-24 09:29:26 [32minfo[39m: Setting up listener for community: 15
2025-06-24 09:29:26 [32minfo[39m: Setting up listener for community: 16
2025-06-24 09:29:26 [32minfo[39m: Chat listeners setup complete
2025-06-24 09:29:26 [32minfo[39m: Setting up listener for community: 1
2025-06-24 09:29:26 [32minfo[39m: Setting up listener for community: 3
2025-06-24 09:29:26 [32minfo[39m: Setting up listener for community: 4
2025-06-24 09:29:26 [32minfo[39m: Setting up listener for community: 9
2025-06-24 09:29:26 [32minfo[39m: Setting up listener for community: 13
2025-06-24 09:29:26 [32minfo[39m: New message in community 13 from user 4
2025-06-24 09:29:26 [32minfo[39m: Setting up listener for community: 15
2025-06-24 09:29:26 [32minfo[39m: Setting up listener for community: 16
2025-06-24 09:29:26 [32minfo[39m: Chat listeners setup complete
2025-06-24 09:29:27 [33mwarn[39m: Community 13 not found in database
2025-06-24 09:29:27 [33mwarn[39m: Community 13 not found in database
2025-06-24 09:29:27 [33mwarn[39m: Community 13 not found in database
2025-06-24 09:29:27 [33mwarn[39m: Community 13 not found in database
2025-06-24 09:29:58 [32minfo[39m: Setting up chat listeners...
2025-06-24 09:29:58 [32minfo[39m: Medication notification scheduler started
2025-06-24 09:29:58 [32minfo[39m: Setting up chat listeners...
2025-06-24 09:29:59 [32minfo[39m: Setting up listener for community: 1
2025-06-24 09:29:59 [32minfo[39m: Setting up listener for community: 1
2025-06-24 09:29:59 [32minfo[39m: Setting up listener for community: 3
2025-06-24 09:29:59 [32minfo[39m: Setting up listener for community: 3
2025-06-24 09:29:59 [32minfo[39m: Setting up listener for community: 4
2025-06-24 09:29:59 [32minfo[39m: Setting up listener for community: 4
2025-06-24 09:29:59 [32minfo[39m: Setting up listener for community: 9
2025-06-24 09:29:59 [32minfo[39m: Setting up listener for community: 9
2025-06-24 09:29:59 [32minfo[39m: Setting up listener for community: 13
2025-06-24 09:29:59 [32minfo[39m: New message in community 13 from user 4
2025-06-24 09:29:59 [32minfo[39m: Setting up listener for community: 13
2025-06-24 09:29:59 [32minfo[39m: New message in community 13 from user 4
2025-06-24 09:29:59 [32minfo[39m: Setting up listener for community: 15
2025-06-24 09:29:59 [32minfo[39m: Setting up listener for community: 15
2025-06-24 09:29:59 [32minfo[39m: Setting up listener for community: 16
2025-06-24 09:29:59 [32minfo[39m: Setting up listener for community: 16
2025-06-24 09:29:59 [32minfo[39m: Setting up listener for community: 1
2025-06-24 09:29:59 [32minfo[39m: Setting up listener for community: 3
2025-06-24 09:29:59 [32minfo[39m: Setting up listener for community: 4
2025-06-24 09:29:59 [32minfo[39m: Setting up listener for community: 9
2025-06-24 09:29:59 [32minfo[39m: Setting up listener for community: 13
2025-06-24 09:29:59 [32minfo[39m: New message in community 13 from user 4
2025-06-24 09:29:59 [32minfo[39m: Setting up listener for community: 15
2025-06-24 09:29:59 [32minfo[39m: Setting up listener for community: 16
2025-06-24 09:29:59 [32minfo[39m: Chat listeners setup complete
2025-06-24 09:29:59 [32minfo[39m: Setting up listener for community: 1
2025-06-24 09:29:59 [32minfo[39m: Setting up listener for community: 3
2025-06-24 09:29:59 [32minfo[39m: Setting up listener for community: 4
2025-06-24 09:29:59 [32minfo[39m: Setting up listener for community: 9
2025-06-24 09:29:59 [32minfo[39m: Setting up listener for community: 13
2025-06-24 09:29:59 [32minfo[39m: New message in community 13 from user 4
2025-06-24 09:29:59 [32minfo[39m: Setting up listener for community: 15
2025-06-24 09:29:59 [32minfo[39m: Setting up listener for community: 16
2025-06-24 09:29:59 [32minfo[39m: Chat listeners setup complete
2025-06-24 09:30:00 [33mwarn[39m: Community 13 not found in database
2025-06-24 09:30:00 [33mwarn[39m: Community 13 not found in database
2025-06-24 09:30:00 [33mwarn[39m: Community 13 not found in database
2025-06-24 09:30:00 [33mwarn[39m: Community 13 not found in database
2025-06-24 09:30:06 [32minfo[39m: Setting up chat listeners...
2025-06-24 09:30:06 [32minfo[39m: Medication notification scheduler started
2025-06-24 09:30:06 [32minfo[39m: Setting up chat listeners...
2025-06-24 09:30:07 [32minfo[39m: Setting up listener for community: 1
2025-06-24 09:30:07 [32minfo[39m: Setting up listener for community: 1
2025-06-24 09:30:07 [32minfo[39m: Setting up listener for community: 3
2025-06-24 09:30:07 [32minfo[39m: Setting up listener for community: 3
2025-06-24 09:30:07 [32minfo[39m: Setting up listener for community: 4
2025-06-24 09:30:07 [32minfo[39m: Setting up listener for community: 4
2025-06-24 09:30:07 [32minfo[39m: Setting up listener for community: 9
2025-06-24 09:30:07 [32minfo[39m: Setting up listener for community: 9
2025-06-24 09:30:07 [32minfo[39m: Setting up listener for community: 13
2025-06-24 09:30:07 [32minfo[39m: New message in community 13 from user 4
2025-06-24 09:30:07 [32minfo[39m: Setting up listener for community: 13
2025-06-24 09:30:07 [32minfo[39m: New message in community 13 from user 4
2025-06-24 09:30:07 [32minfo[39m: Setting up listener for community: 15
2025-06-24 09:30:07 [32minfo[39m: Setting up listener for community: 15
2025-06-24 09:30:07 [32minfo[39m: Setting up listener for community: 16
2025-06-24 09:30:07 [32minfo[39m: Setting up listener for community: 16
2025-06-24 09:30:07 [32minfo[39m: Setting up listener for community: 1
2025-06-24 09:30:07 [32minfo[39m: Setting up listener for community: 3
2025-06-24 09:30:07 [32minfo[39m: Setting up listener for community: 4
2025-06-24 09:30:07 [32minfo[39m: Setting up listener for community: 9
2025-06-24 09:30:07 [32minfo[39m: Setting up listener for community: 13
2025-06-24 09:30:07 [32minfo[39m: New message in community 13 from user 4
2025-06-24 09:30:07 [32minfo[39m: Setting up listener for community: 15
2025-06-24 09:30:07 [32minfo[39m: Setting up listener for community: 16
2025-06-24 09:30:07 [32minfo[39m: Chat listeners setup complete
2025-06-24 09:30:07 [32minfo[39m: Setting up listener for community: 1
2025-06-24 09:30:07 [32minfo[39m: Setting up listener for community: 3
2025-06-24 09:30:07 [32minfo[39m: Setting up listener for community: 4
2025-06-24 09:30:07 [32minfo[39m: Setting up listener for community: 9
2025-06-24 09:30:07 [32minfo[39m: Setting up listener for community: 13
2025-06-24 09:30:07 [32minfo[39m: New message in community 13 from user 4
2025-06-24 09:30:07 [32minfo[39m: Setting up listener for community: 15
2025-06-24 09:30:07 [32minfo[39m: Setting up listener for community: 16
2025-06-24 09:30:07 [32minfo[39m: Chat listeners setup complete
2025-06-24 09:30:08 [33mwarn[39m: Community 13 not found in database
2025-06-24 09:30:08 [33mwarn[39m: Community 13 not found in database
2025-06-24 09:30:08 [33mwarn[39m: Community 13 not found in database
2025-06-24 09:30:08 [33mwarn[39m: Community 13 not found in database
2025-06-24 09:30:14 [32minfo[39m: Setting up chat listeners...
2025-06-24 09:30:14 [32minfo[39m: Medication notification scheduler started
2025-06-24 09:30:14 [32minfo[39m: Setting up chat listeners...
2025-06-24 09:30:15 [32minfo[39m: Setting up listener for community: 1
2025-06-24 09:30:15 [32minfo[39m: Setting up listener for community: 1
2025-06-24 09:30:15 [32minfo[39m: Setting up listener for community: 3
2025-06-24 09:30:15 [32minfo[39m: Setting up listener for community: 3
2025-06-24 09:30:15 [32minfo[39m: Setting up listener for community: 4
2025-06-24 09:30:15 [32minfo[39m: Setting up listener for community: 4
2025-06-24 09:30:15 [32minfo[39m: Setting up listener for community: 9
2025-06-24 09:30:15 [32minfo[39m: Setting up listener for community: 9
2025-06-24 09:30:15 [32minfo[39m: Setting up listener for community: 13
2025-06-24 09:30:15 [32minfo[39m: New message in community 13 from user 4
2025-06-24 09:30:15 [32minfo[39m: Setting up listener for community: 13
2025-06-24 09:30:15 [32minfo[39m: New message in community 13 from user 4
2025-06-24 09:30:15 [32minfo[39m: Setting up listener for community: 15
2025-06-24 09:30:15 [32minfo[39m: Setting up listener for community: 15
2025-06-24 09:30:15 [32minfo[39m: Setting up listener for community: 16
2025-06-24 09:30:15 [32minfo[39m: Setting up listener for community: 16
2025-06-24 09:30:15 [32minfo[39m: Setting up listener for community: 1
2025-06-24 09:30:15 [32minfo[39m: Setting up listener for community: 3
2025-06-24 09:30:15 [32minfo[39m: Setting up listener for community: 4
2025-06-24 09:30:15 [32minfo[39m: Setting up listener for community: 9
2025-06-24 09:30:15 [32minfo[39m: Setting up listener for community: 13
2025-06-24 09:30:15 [32minfo[39m: New message in community 13 from user 4
2025-06-24 09:30:15 [32minfo[39m: Setting up listener for community: 15
2025-06-24 09:30:15 [32minfo[39m: Setting up listener for community: 16
2025-06-24 09:30:15 [32minfo[39m: Chat listeners setup complete
2025-06-24 09:30:15 [32minfo[39m: Setting up listener for community: 1
2025-06-24 09:30:15 [32minfo[39m: Setting up listener for community: 3
2025-06-24 09:30:15 [32minfo[39m: Setting up listener for community: 4
2025-06-24 09:30:15 [32minfo[39m: Setting up listener for community: 9
2025-06-24 09:30:15 [32minfo[39m: Setting up listener for community: 13
2025-06-24 09:30:15 [32minfo[39m: New message in community 13 from user 4
2025-06-24 09:30:15 [32minfo[39m: Setting up listener for community: 15
2025-06-24 09:30:15 [32minfo[39m: Setting up listener for community: 16
2025-06-24 09:30:15 [32minfo[39m: Chat listeners setup complete
2025-06-24 09:30:16 [33mwarn[39m: Community 13 not found in database
2025-06-24 09:30:16 [33mwarn[39m: Community 13 not found in database
2025-06-24 09:30:16 [33mwarn[39m: Community 13 not found in database
2025-06-24 09:30:16 [33mwarn[39m: Community 13 not found in database
2025-06-24 09:30:27 [32minfo[39m: Setting up chat listeners...
2025-06-24 09:30:27 [32minfo[39m: Medication notification scheduler started
2025-06-24 09:30:27 [32minfo[39m: Setting up chat listeners...
2025-06-24 09:30:28 [32minfo[39m: Setting up listener for community: 1
2025-06-24 09:30:28 [32minfo[39m: Setting up listener for community: 1
2025-06-24 09:30:28 [32minfo[39m: Setting up listener for community: 3
2025-06-24 09:30:28 [32minfo[39m: Setting up listener for community: 3
2025-06-24 09:30:28 [32minfo[39m: Setting up listener for community: 4
2025-06-24 09:30:28 [32minfo[39m: Setting up listener for community: 4
2025-06-24 09:30:28 [32minfo[39m: Setting up listener for community: 9
2025-06-24 09:30:28 [32minfo[39m: Setting up listener for community: 9
2025-06-24 09:30:28 [32minfo[39m: Setting up listener for community: 13
2025-06-24 09:30:28 [32minfo[39m: New message in community 13 from user 4
2025-06-24 09:30:28 [32minfo[39m: Setting up listener for community: 13
2025-06-24 09:30:28 [32minfo[39m: New message in community 13 from user 4
2025-06-24 09:30:28 [32minfo[39m: Setting up listener for community: 15
2025-06-24 09:30:28 [32minfo[39m: Setting up listener for community: 15
2025-06-24 09:30:28 [32minfo[39m: Setting up listener for community: 16
2025-06-24 09:30:28 [32minfo[39m: Setting up listener for community: 16
2025-06-24 09:30:28 [32minfo[39m: Setting up listener for community: 1
2025-06-24 09:30:28 [32minfo[39m: Setting up listener for community: 3
2025-06-24 09:30:28 [32minfo[39m: Setting up listener for community: 4
2025-06-24 09:30:28 [32minfo[39m: Setting up listener for community: 9
2025-06-24 09:30:28 [32minfo[39m: Setting up listener for community: 13
2025-06-24 09:30:28 [32minfo[39m: New message in community 13 from user 4
2025-06-24 09:30:28 [32minfo[39m: Setting up listener for community: 15
2025-06-24 09:30:28 [32minfo[39m: Setting up listener for community: 16
2025-06-24 09:30:28 [32minfo[39m: Chat listeners setup complete
2025-06-24 09:30:28 [32minfo[39m: Setting up listener for community: 1
2025-06-24 09:30:28 [32minfo[39m: Setting up listener for community: 3
2025-06-24 09:30:28 [32minfo[39m: Setting up listener for community: 4
2025-06-24 09:30:28 [32minfo[39m: Setting up listener for community: 9
2025-06-24 09:30:28 [32minfo[39m: Setting up listener for community: 13
2025-06-24 09:30:28 [32minfo[39m: New message in community 13 from user 4
2025-06-24 09:30:28 [32minfo[39m: Setting up listener for community: 15
2025-06-24 09:30:28 [32minfo[39m: Setting up listener for community: 16
2025-06-24 09:30:28 [32minfo[39m: Chat listeners setup complete
2025-06-24 09:30:29 [33mwarn[39m: Community 13 not found in database
2025-06-24 09:30:29 [33mwarn[39m: Community 13 not found in database
2025-06-24 09:30:29 [33mwarn[39m: Community 13 not found in database
2025-06-24 09:30:29 [33mwarn[39m: Community 13 not found in database
2025-06-24 09:30:44 [32minfo[39m: Setting up chat listeners...
2025-06-24 09:30:44 [32minfo[39m: Medication notification scheduler started
2025-06-24 09:30:44 [32minfo[39m: Setting up chat listeners...
2025-06-24 09:30:45 [32minfo[39m: Setting up listener for community: 1
2025-06-24 09:30:45 [32minfo[39m: Setting up listener for community: 1
2025-06-24 09:30:45 [32minfo[39m: Setting up listener for community: 3
2025-06-24 09:30:45 [32minfo[39m: Setting up listener for community: 3
2025-06-24 09:30:45 [32minfo[39m: Setting up listener for community: 4
2025-06-24 09:30:45 [32minfo[39m: Setting up listener for community: 4
2025-06-24 09:30:45 [32minfo[39m: Setting up listener for community: 9
2025-06-24 09:30:45 [32minfo[39m: Setting up listener for community: 9
2025-06-24 09:30:45 [32minfo[39m: Setting up listener for community: 13
2025-06-24 09:30:45 [32minfo[39m: New message in community 13 from user 4
2025-06-24 09:30:45 [32minfo[39m: Setting up listener for community: 13
2025-06-24 09:30:45 [32minfo[39m: New message in community 13 from user 4
2025-06-24 09:30:45 [32minfo[39m: Setting up listener for community: 15
2025-06-24 09:30:45 [32minfo[39m: Setting up listener for community: 15
2025-06-24 09:30:45 [32minfo[39m: Setting up listener for community: 16
2025-06-24 09:30:45 [32minfo[39m: Setting up listener for community: 16
2025-06-24 09:30:45 [32minfo[39m: Setting up listener for community: 1
2025-06-24 09:30:45 [32minfo[39m: Setting up listener for community: 3
2025-06-24 09:30:45 [32minfo[39m: Setting up listener for community: 4
2025-06-24 09:30:45 [32minfo[39m: Setting up listener for community: 9
2025-06-24 09:30:45 [32minfo[39m: Setting up listener for community: 13
2025-06-24 09:30:45 [32minfo[39m: New message in community 13 from user 4
2025-06-24 09:30:45 [32minfo[39m: Setting up listener for community: 15
2025-06-24 09:30:45 [32minfo[39m: Setting up listener for community: 16
2025-06-24 09:30:45 [32minfo[39m: Chat listeners setup complete
2025-06-24 09:30:45 [32minfo[39m: Setting up listener for community: 1
2025-06-24 09:30:45 [32minfo[39m: Setting up listener for community: 3
2025-06-24 09:30:45 [32minfo[39m: Setting up listener for community: 4
2025-06-24 09:30:45 [32minfo[39m: Setting up listener for community: 9
2025-06-24 09:30:45 [32minfo[39m: Setting up listener for community: 13
2025-06-24 09:30:45 [32minfo[39m: New message in community 13 from user 4
2025-06-24 09:30:45 [32minfo[39m: Setting up listener for community: 15
2025-06-24 09:30:45 [32minfo[39m: Setting up listener for community: 16
2025-06-24 09:30:45 [32minfo[39m: Chat listeners setup complete
2025-06-24 09:30:46 [33mwarn[39m: Community 13 not found in database
2025-06-24 09:30:46 [33mwarn[39m: Community 13 not found in database
2025-06-24 09:30:46 [33mwarn[39m: Community 13 not found in database
2025-06-24 09:30:46 [33mwarn[39m: Community 13 not found in database
2025-06-24 09:31:09 [32minfo[39m: Setting up chat listeners...
2025-06-24 09:31:09 [32minfo[39m: Medication notification scheduler started
2025-06-24 09:31:09 [32minfo[39m: Setting up chat listeners...
2025-06-24 09:31:10 [32minfo[39m: Setting up listener for community: 1
2025-06-24 09:31:10 [32minfo[39m: Setting up listener for community: 1
2025-06-24 09:31:10 [32minfo[39m: Setting up listener for community: 3
2025-06-24 09:31:10 [32minfo[39m: Setting up listener for community: 3
2025-06-24 09:31:10 [32minfo[39m: Setting up listener for community: 4
2025-06-24 09:31:10 [32minfo[39m: Setting up listener for community: 4
2025-06-24 09:31:10 [32minfo[39m: Setting up listener for community: 9
2025-06-24 09:31:10 [32minfo[39m: Setting up listener for community: 9
2025-06-24 09:31:10 [32minfo[39m: Setting up listener for community: 13
2025-06-24 09:31:10 [32minfo[39m: New message in community 13 from user 4
2025-06-24 09:31:10 [32minfo[39m: Setting up listener for community: 13
2025-06-24 09:31:10 [32minfo[39m: New message in community 13 from user 4
2025-06-24 09:31:10 [32minfo[39m: Setting up listener for community: 15
2025-06-24 09:31:10 [32minfo[39m: Setting up listener for community: 15
2025-06-24 09:31:10 [32minfo[39m: Setting up listener for community: 16
2025-06-24 09:31:10 [32minfo[39m: Setting up listener for community: 16
2025-06-24 09:31:10 [32minfo[39m: Setting up listener for community: 1
2025-06-24 09:31:10 [32minfo[39m: Setting up listener for community: 3
2025-06-24 09:31:10 [32minfo[39m: Setting up listener for community: 4
2025-06-24 09:31:10 [32minfo[39m: Setting up listener for community: 9
2025-06-24 09:31:10 [32minfo[39m: Setting up listener for community: 13
2025-06-24 09:31:10 [32minfo[39m: New message in community 13 from user 4
2025-06-24 09:31:10 [32minfo[39m: Setting up listener for community: 15
2025-06-24 09:31:10 [32minfo[39m: Setting up listener for community: 16
2025-06-24 09:31:10 [32minfo[39m: Chat listeners setup complete
2025-06-24 09:31:10 [32minfo[39m: Setting up listener for community: 1
2025-06-24 09:31:10 [32minfo[39m: Setting up listener for community: 3
2025-06-24 09:31:10 [32minfo[39m: Setting up listener for community: 4
2025-06-24 09:31:10 [32minfo[39m: Setting up listener for community: 9
2025-06-24 09:31:10 [32minfo[39m: Setting up listener for community: 13
2025-06-24 09:31:10 [32minfo[39m: New message in community 13 from user 4
2025-06-24 09:31:10 [32minfo[39m: Setting up listener for community: 15
2025-06-24 09:31:10 [32minfo[39m: Setting up listener for community: 16
2025-06-24 09:31:10 [32minfo[39m: Chat listeners setup complete
2025-06-24 09:31:11 [33mwarn[39m: Community 13 not found in database
2025-06-24 09:31:11 [33mwarn[39m: Community 13 not found in database
2025-06-24 09:31:11 [33mwarn[39m: Community 13 not found in database
2025-06-24 09:31:11 [33mwarn[39m: Community 13 not found in database
2025-06-24 09:31:36 [32minfo[39m: Setting up chat listeners...
2025-06-24 09:31:36 [32minfo[39m: Medication notification scheduler started
2025-06-24 09:31:36 [32minfo[39m: Setting up chat listeners...
2025-06-24 09:31:37 [32minfo[39m: Setting up listener for community: 1
2025-06-24 09:31:37 [32minfo[39m: Setting up listener for community: 1
2025-06-24 09:31:37 [32minfo[39m: Setting up listener for community: 3
2025-06-24 09:31:37 [32minfo[39m: Setting up listener for community: 3
2025-06-24 09:31:37 [32minfo[39m: Setting up listener for community: 4
2025-06-24 09:31:37 [32minfo[39m: Setting up listener for community: 4
2025-06-24 09:31:37 [32minfo[39m: Setting up listener for community: 9
2025-06-24 09:31:37 [32minfo[39m: Setting up listener for community: 9
2025-06-24 09:31:37 [32minfo[39m: Setting up listener for community: 13
2025-06-24 09:31:37 [32minfo[39m: New message in community 13 from user 4
2025-06-24 09:31:37 [32minfo[39m: Setting up listener for community: 13
2025-06-24 09:31:37 [32minfo[39m: New message in community 13 from user 4
2025-06-24 09:31:37 [32minfo[39m: Setting up listener for community: 15
2025-06-24 09:31:37 [32minfo[39m: Setting up listener for community: 15
2025-06-24 09:31:37 [32minfo[39m: Setting up listener for community: 16
2025-06-24 09:31:37 [32minfo[39m: Setting up listener for community: 16
2025-06-24 09:31:37 [32minfo[39m: Setting up listener for community: 1
2025-06-24 09:31:37 [32minfo[39m: Setting up listener for community: 3
2025-06-24 09:31:37 [32minfo[39m: Setting up listener for community: 4
2025-06-24 09:31:37 [32minfo[39m: Setting up listener for community: 9
2025-06-24 09:31:37 [32minfo[39m: Setting up listener for community: 13
2025-06-24 09:31:37 [32minfo[39m: New message in community 13 from user 4
2025-06-24 09:31:37 [32minfo[39m: Setting up listener for community: 15
2025-06-24 09:31:37 [32minfo[39m: Setting up listener for community: 16
2025-06-24 09:31:37 [32minfo[39m: Chat listeners setup complete
2025-06-24 09:31:37 [32minfo[39m: Setting up listener for community: 1
2025-06-24 09:31:37 [32minfo[39m: Setting up listener for community: 3
2025-06-24 09:31:37 [32minfo[39m: Setting up listener for community: 4
2025-06-24 09:31:37 [32minfo[39m: Setting up listener for community: 9
2025-06-24 09:31:37 [32minfo[39m: Setting up listener for community: 13
2025-06-24 09:31:37 [32minfo[39m: New message in community 13 from user 4
2025-06-24 09:31:37 [32minfo[39m: Setting up listener for community: 15
2025-06-24 09:31:37 [32minfo[39m: Setting up listener for community: 16
2025-06-24 09:31:37 [32minfo[39m: Chat listeners setup complete
2025-06-24 09:31:38 [33mwarn[39m: Community 13 not found in database
2025-06-24 09:31:38 [33mwarn[39m: Community 13 not found in database
2025-06-24 09:31:38 [33mwarn[39m: Community 13 not found in database
2025-06-24 09:31:38 [33mwarn[39m: Community 13 not found in database
2025-06-24 09:33:16 [32minfo[39m: Setting up chat listeners...
2025-06-24 09:33:16 [32minfo[39m: Medication notification scheduler started
2025-06-24 09:33:16 [32minfo[39m: Setting up chat listeners...
2025-06-24 09:33:17 [32minfo[39m: Setting up listener for community: 1
2025-06-24 09:33:17 [32minfo[39m: Setting up listener for community: 1
2025-06-24 09:33:17 [32minfo[39m: Setting up listener for community: 3
2025-06-24 09:33:17 [32minfo[39m: Setting up listener for community: 3
2025-06-24 09:33:17 [32minfo[39m: Setting up listener for community: 4
2025-06-24 09:33:17 [32minfo[39m: Setting up listener for community: 4
2025-06-24 09:33:17 [32minfo[39m: Setting up listener for community: 9
2025-06-24 09:33:17 [32minfo[39m: Setting up listener for community: 9
2025-06-24 09:33:17 [32minfo[39m: Setting up listener for community: 13
2025-06-24 09:33:17 [32minfo[39m: New message in community 13 from user 4
2025-06-24 09:33:17 [32minfo[39m: Setting up listener for community: 13
2025-06-24 09:33:17 [32minfo[39m: New message in community 13 from user 4
2025-06-24 09:33:17 [32minfo[39m: Setting up listener for community: 15
2025-06-24 09:33:17 [32minfo[39m: Setting up listener for community: 15
2025-06-24 09:33:17 [32minfo[39m: Setting up listener for community: 16
2025-06-24 09:33:17 [32minfo[39m: Setting up listener for community: 16
2025-06-24 09:33:17 [32minfo[39m: Setting up listener for community: 1
2025-06-24 09:33:17 [32minfo[39m: Setting up listener for community: 3
2025-06-24 09:33:17 [32minfo[39m: Setting up listener for community: 4
2025-06-24 09:33:17 [32minfo[39m: Setting up listener for community: 9
2025-06-24 09:33:17 [32minfo[39m: Setting up listener for community: 13
2025-06-24 09:33:17 [32minfo[39m: New message in community 13 from user 4
2025-06-24 09:33:17 [32minfo[39m: Setting up listener for community: 15
2025-06-24 09:33:17 [32minfo[39m: Setting up listener for community: 16
2025-06-24 09:33:17 [32minfo[39m: Chat listeners setup complete
2025-06-24 09:33:17 [32minfo[39m: Setting up listener for community: 1
2025-06-24 09:33:17 [32minfo[39m: Setting up listener for community: 3
2025-06-24 09:33:17 [32minfo[39m: Setting up listener for community: 4
2025-06-24 09:33:17 [32minfo[39m: Setting up listener for community: 9
2025-06-24 09:33:17 [32minfo[39m: Setting up listener for community: 13
2025-06-24 09:33:17 [32minfo[39m: New message in community 13 from user 4
2025-06-24 09:33:17 [32minfo[39m: Setting up listener for community: 15
2025-06-24 09:33:17 [32minfo[39m: Setting up listener for community: 16
2025-06-24 09:33:17 [32minfo[39m: Chat listeners setup complete
2025-06-24 09:33:18 [33mwarn[39m: Community 13 not found in database
2025-06-24 09:33:18 [33mwarn[39m: Community 13 not found in database
2025-06-24 09:33:18 [33mwarn[39m: Community 13 not found in database
2025-06-24 09:33:18 [33mwarn[39m: Community 13 not found in database
2025-06-24 09:33:23 [32minfo[39m: Setting up chat listeners...
2025-06-24 09:33:23 [32minfo[39m: Medication notification scheduler started
2025-06-24 09:33:23 [32minfo[39m: Setting up chat listeners...
2025-06-24 09:33:23 [32minfo[39m: Setting up listener for community: 1
2025-06-24 09:33:23 [32minfo[39m: Setting up listener for community: 1
2025-06-24 09:33:23 [32minfo[39m: Setting up listener for community: 3
2025-06-24 09:33:23 [32minfo[39m: Setting up listener for community: 3
2025-06-24 09:33:23 [32minfo[39m: Setting up listener for community: 4
2025-06-24 09:33:23 [32minfo[39m: Setting up listener for community: 4
2025-06-24 09:33:23 [32minfo[39m: Setting up listener for community: 9
2025-06-24 09:33:23 [32minfo[39m: Setting up listener for community: 9
2025-06-24 09:33:23 [32minfo[39m: Setting up listener for community: 13
2025-06-24 09:33:23 [32minfo[39m: New message in community 13 from user 4
2025-06-24 09:33:23 [32minfo[39m: Setting up listener for community: 13
2025-06-24 09:33:23 [32minfo[39m: New message in community 13 from user 4
2025-06-24 09:33:23 [32minfo[39m: Setting up listener for community: 15
2025-06-24 09:33:23 [32minfo[39m: Setting up listener for community: 15
2025-06-24 09:33:23 [32minfo[39m: Setting up listener for community: 16
2025-06-24 09:33:23 [32minfo[39m: Setting up listener for community: 16
2025-06-24 09:33:23 [32minfo[39m: Setting up listener for community: 1
2025-06-24 09:33:23 [32minfo[39m: Setting up listener for community: 3
2025-06-24 09:33:23 [32minfo[39m: Setting up listener for community: 4
2025-06-24 09:33:23 [32minfo[39m: Setting up listener for community: 9
2025-06-24 09:33:23 [32minfo[39m: Setting up listener for community: 13
2025-06-24 09:33:23 [32minfo[39m: New message in community 13 from user 4
2025-06-24 09:33:23 [32minfo[39m: Setting up listener for community: 15
2025-06-24 09:33:23 [32minfo[39m: Setting up listener for community: 16
2025-06-24 09:33:23 [32minfo[39m: Chat listeners setup complete
2025-06-24 09:33:23 [32minfo[39m: Setting up listener for community: 1
2025-06-24 09:33:23 [32minfo[39m: Setting up listener for community: 3
2025-06-24 09:33:23 [32minfo[39m: Setting up listener for community: 4
2025-06-24 09:33:23 [32minfo[39m: Setting up listener for community: 9
2025-06-24 09:33:23 [32minfo[39m: Setting up listener for community: 13
2025-06-24 09:33:23 [32minfo[39m: New message in community 13 from user 4
2025-06-24 09:33:23 [32minfo[39m: Setting up listener for community: 15
2025-06-24 09:33:23 [32minfo[39m: Setting up listener for community: 16
2025-06-24 09:33:23 [32minfo[39m: Chat listeners setup complete
2025-06-24 09:33:25 [33mwarn[39m: Community 13 not found in database
2025-06-24 09:33:25 [33mwarn[39m: Community 13 not found in database
2025-06-24 09:33:25 [33mwarn[39m: Community 13 not found in database
2025-06-24 09:33:25 [33mwarn[39m: Community 13 not found in database
2025-06-24 09:37:29 [32minfo[39m: Setting up chat listeners...
2025-06-24 09:37:29 [32minfo[39m: Medication notification scheduler started
2025-06-24 09:37:29 [32minfo[39m: Setting up chat listeners...
2025-06-24 09:37:30 [32minfo[39m: Setting up listener for community: 1
2025-06-24 09:37:30 [32minfo[39m: Setting up listener for community: 1
2025-06-24 09:37:30 [32minfo[39m: Setting up listener for community: 3
2025-06-24 09:37:30 [32minfo[39m: Setting up listener for community: 3
2025-06-24 09:37:30 [32minfo[39m: Setting up listener for community: 4
2025-06-24 09:37:30 [32minfo[39m: Setting up listener for community: 4
2025-06-24 09:37:30 [32minfo[39m: Setting up listener for community: 9
2025-06-24 09:37:30 [32minfo[39m: Setting up listener for community: 9
2025-06-24 09:37:30 [32minfo[39m: Setting up listener for community: 13
2025-06-24 09:37:30 [32minfo[39m: New message in community 13 from user 4
2025-06-24 09:37:30 [32minfo[39m: Setting up listener for community: 13
2025-06-24 09:37:30 [32minfo[39m: New message in community 13 from user 4
2025-06-24 09:37:30 [32minfo[39m: Setting up listener for community: 15
2025-06-24 09:37:30 [32minfo[39m: Setting up listener for community: 15
2025-06-24 09:37:30 [32minfo[39m: Setting up listener for community: 16
2025-06-24 09:37:30 [32minfo[39m: Setting up listener for community: 16
2025-06-24 09:37:30 [32minfo[39m: Setting up listener for community: 1
2025-06-24 09:37:30 [32minfo[39m: Setting up listener for community: 3
2025-06-24 09:37:30 [32minfo[39m: Setting up listener for community: 4
2025-06-24 09:37:30 [32minfo[39m: Setting up listener for community: 9
2025-06-24 09:37:30 [32minfo[39m: Setting up listener for community: 13
2025-06-24 09:37:30 [32minfo[39m: New message in community 13 from user 4
2025-06-24 09:37:30 [32minfo[39m: Setting up listener for community: 15
2025-06-24 09:37:30 [32minfo[39m: Setting up listener for community: 16
2025-06-24 09:37:30 [32minfo[39m: Chat listeners setup complete
2025-06-24 09:37:30 [32minfo[39m: Setting up listener for community: 1
2025-06-24 09:37:30 [32minfo[39m: Setting up listener for community: 3
2025-06-24 09:37:30 [32minfo[39m: Setting up listener for community: 4
2025-06-24 09:37:30 [32minfo[39m: Setting up listener for community: 9
2025-06-24 09:37:30 [32minfo[39m: Setting up listener for community: 13
2025-06-24 09:37:30 [32minfo[39m: New message in community 13 from user 4
2025-06-24 09:37:30 [32minfo[39m: Setting up listener for community: 15
2025-06-24 09:37:30 [32minfo[39m: Setting up listener for community: 16
2025-06-24 09:37:30 [32minfo[39m: Chat listeners setup complete
2025-06-24 09:37:30 [33mwarn[39m: Community 13 not found in database
2025-06-24 09:37:30 [33mwarn[39m: Community 13 not found in database
2025-06-24 09:37:30 [33mwarn[39m: Community 13 not found in database
2025-06-24 09:37:30 [33mwarn[39m: Community 13 not found in database
2025-06-24 09:37:38 [32minfo[39m: Setting up chat listeners...
2025-06-24 09:37:38 [32minfo[39m: Medication notification scheduler started
2025-06-24 09:37:38 [32minfo[39m: Setting up chat listeners...
2025-06-24 09:37:39 [32minfo[39m: Setting up listener for community: 1
2025-06-24 09:37:39 [32minfo[39m: Setting up listener for community: 1
2025-06-24 09:37:39 [32minfo[39m: Setting up listener for community: 3
2025-06-24 09:37:39 [32minfo[39m: Setting up listener for community: 3
2025-06-24 09:37:39 [32minfo[39m: Setting up listener for community: 4
2025-06-24 09:37:39 [32minfo[39m: Setting up listener for community: 4
2025-06-24 09:37:39 [32minfo[39m: Setting up listener for community: 9
2025-06-24 09:37:39 [32minfo[39m: Setting up listener for community: 9
2025-06-24 09:37:39 [32minfo[39m: Setting up listener for community: 13
2025-06-24 09:37:39 [32minfo[39m: New message in community 13 from user 4
2025-06-24 09:37:39 [32minfo[39m: Setting up listener for community: 13
2025-06-24 09:37:39 [32minfo[39m: New message in community 13 from user 4
2025-06-24 09:37:39 [32minfo[39m: Setting up listener for community: 15
2025-06-24 09:37:39 [32minfo[39m: Setting up listener for community: 15
2025-06-24 09:37:39 [32minfo[39m: Setting up listener for community: 16
2025-06-24 09:37:39 [32minfo[39m: Setting up listener for community: 16
2025-06-24 09:37:39 [32minfo[39m: Setting up listener for community: 1
2025-06-24 09:37:39 [32minfo[39m: Setting up listener for community: 3
2025-06-24 09:37:39 [32minfo[39m: Setting up listener for community: 4
2025-06-24 09:37:39 [32minfo[39m: Setting up listener for community: 9
2025-06-24 09:37:39 [32minfo[39m: Setting up listener for community: 13
2025-06-24 09:37:39 [32minfo[39m: New message in community 13 from user 4
2025-06-24 09:37:39 [32minfo[39m: Setting up listener for community: 15
2025-06-24 09:37:39 [32minfo[39m: Setting up listener for community: 16
2025-06-24 09:37:39 [32minfo[39m: Chat listeners setup complete
2025-06-24 09:37:39 [32minfo[39m: Setting up listener for community: 1
2025-06-24 09:37:39 [32minfo[39m: Setting up listener for community: 3
2025-06-24 09:37:39 [32minfo[39m: Setting up listener for community: 4
2025-06-24 09:37:39 [32minfo[39m: Setting up listener for community: 9
2025-06-24 09:37:39 [32minfo[39m: Setting up listener for community: 13
2025-06-24 09:37:39 [32minfo[39m: New message in community 13 from user 4
2025-06-24 09:37:39 [32minfo[39m: Setting up listener for community: 15
2025-06-24 09:37:39 [32minfo[39m: Setting up listener for community: 16
2025-06-24 09:37:39 [32minfo[39m: Chat listeners setup complete
2025-06-24 09:37:40 [33mwarn[39m: Community 13 not found in database
2025-06-24 09:37:40 [33mwarn[39m: Community 13 not found in database
2025-06-24 09:37:40 [33mwarn[39m: Community 13 not found in database
2025-06-24 09:37:40 [33mwarn[39m: Community 13 not found in database
2025-06-24 09:37:49 [32minfo[39m: Setting up chat listeners...
2025-06-24 09:37:49 [32minfo[39m: Medication notification scheduler started
2025-06-24 09:37:49 [32minfo[39m: Setting up chat listeners...
2025-06-24 09:37:50 [32minfo[39m: Setting up listener for community: 1
2025-06-24 09:37:50 [32minfo[39m: Setting up listener for community: 1
2025-06-24 09:37:50 [32minfo[39m: Setting up listener for community: 3
2025-06-24 09:37:50 [32minfo[39m: Setting up listener for community: 3
2025-06-24 09:37:50 [32minfo[39m: Setting up listener for community: 4
2025-06-24 09:37:50 [32minfo[39m: Setting up listener for community: 4
2025-06-24 09:37:50 [32minfo[39m: Setting up listener for community: 9
2025-06-24 09:37:50 [32minfo[39m: Setting up listener for community: 9
2025-06-24 09:37:50 [32minfo[39m: Setting up listener for community: 13
2025-06-24 09:37:50 [32minfo[39m: New message in community 13 from user 4
2025-06-24 09:37:50 [32minfo[39m: Setting up listener for community: 13
2025-06-24 09:37:50 [32minfo[39m: New message in community 13 from user 4
2025-06-24 09:37:50 [32minfo[39m: Setting up listener for community: 15
2025-06-24 09:37:50 [32minfo[39m: Setting up listener for community: 15
2025-06-24 09:37:50 [32minfo[39m: Setting up listener for community: 16
2025-06-24 09:37:50 [32minfo[39m: Setting up listener for community: 16
2025-06-24 09:37:50 [32minfo[39m: Setting up listener for community: 1
2025-06-24 09:37:50 [32minfo[39m: Setting up listener for community: 3
2025-06-24 09:37:50 [32minfo[39m: Setting up listener for community: 4
2025-06-24 09:37:50 [32minfo[39m: Setting up listener for community: 9
2025-06-24 09:37:50 [32minfo[39m: Setting up listener for community: 13
2025-06-24 09:37:50 [32minfo[39m: New message in community 13 from user 4
2025-06-24 09:37:50 [32minfo[39m: Setting up listener for community: 15
2025-06-24 09:37:50 [32minfo[39m: Setting up listener for community: 16
2025-06-24 09:37:50 [32minfo[39m: Chat listeners setup complete
2025-06-24 09:37:50 [32minfo[39m: Setting up listener for community: 1
2025-06-24 09:37:50 [32minfo[39m: Setting up listener for community: 3
2025-06-24 09:37:50 [32minfo[39m: Setting up listener for community: 4
2025-06-24 09:37:50 [32minfo[39m: Setting up listener for community: 9
2025-06-24 09:37:50 [32minfo[39m: Setting up listener for community: 13
2025-06-24 09:37:50 [32minfo[39m: New message in community 13 from user 4
2025-06-24 09:37:50 [32minfo[39m: Setting up listener for community: 15
2025-06-24 09:37:50 [32minfo[39m: Setting up listener for community: 16
2025-06-24 09:37:50 [32minfo[39m: Chat listeners setup complete
2025-06-24 09:37:51 [33mwarn[39m: Community 13 not found in database
2025-06-24 09:37:51 [33mwarn[39m: Community 13 not found in database
2025-06-24 09:37:51 [33mwarn[39m: Community 13 not found in database
2025-06-24 09:37:51 [33mwarn[39m: Community 13 not found in database
2025-06-24 09:37:56 [32minfo[39m: Setting up chat listeners...
2025-06-24 09:37:56 [32minfo[39m: Medication notification scheduler started
2025-06-24 09:37:56 [32minfo[39m: Setting up chat listeners...
2025-06-24 09:37:56 [32minfo[39m: Setting up listener for community: 1
2025-06-24 09:37:56 [32minfo[39m: Setting up listener for community: 1
2025-06-24 09:37:56 [32minfo[39m: Setting up listener for community: 3
2025-06-24 09:37:56 [32minfo[39m: Setting up listener for community: 3
2025-06-24 09:37:56 [32minfo[39m: Setting up listener for community: 4
2025-06-24 09:37:56 [32minfo[39m: Setting up listener for community: 4
2025-06-24 09:37:56 [32minfo[39m: Setting up listener for community: 9
2025-06-24 09:37:56 [32minfo[39m: Setting up listener for community: 9
2025-06-24 09:37:56 [32minfo[39m: Setting up listener for community: 13
2025-06-24 09:37:56 [32minfo[39m: New message in community 13 from user 4
2025-06-24 09:37:56 [32minfo[39m: Setting up listener for community: 13
2025-06-24 09:37:56 [32minfo[39m: New message in community 13 from user 4
2025-06-24 09:37:56 [32minfo[39m: Setting up listener for community: 15
2025-06-24 09:37:56 [32minfo[39m: Setting up listener for community: 15
2025-06-24 09:37:56 [32minfo[39m: Setting up listener for community: 16
2025-06-24 09:37:56 [32minfo[39m: Setting up listener for community: 16
2025-06-24 09:37:56 [32minfo[39m: Setting up listener for community: 1
2025-06-24 09:37:56 [32minfo[39m: Setting up listener for community: 3
2025-06-24 09:37:56 [32minfo[39m: Setting up listener for community: 4
2025-06-24 09:37:56 [32minfo[39m: Setting up listener for community: 9
2025-06-24 09:37:56 [32minfo[39m: Setting up listener for community: 13
2025-06-24 09:37:56 [32minfo[39m: New message in community 13 from user 4
2025-06-24 09:37:56 [32minfo[39m: Setting up listener for community: 15
2025-06-24 09:37:56 [32minfo[39m: Setting up listener for community: 16
2025-06-24 09:37:56 [32minfo[39m: Chat listeners setup complete
2025-06-24 09:37:56 [32minfo[39m: Setting up listener for community: 1
2025-06-24 09:37:56 [32minfo[39m: Setting up listener for community: 3
2025-06-24 09:37:56 [32minfo[39m: Setting up listener for community: 4
2025-06-24 09:37:56 [32minfo[39m: Setting up listener for community: 9
2025-06-24 09:37:56 [32minfo[39m: Setting up listener for community: 13
2025-06-24 09:37:56 [32minfo[39m: New message in community 13 from user 4
2025-06-24 09:37:56 [32minfo[39m: Setting up listener for community: 15
2025-06-24 09:37:56 [32minfo[39m: Setting up listener for community: 16
2025-06-24 09:37:56 [32minfo[39m: Chat listeners setup complete
2025-06-24 09:37:58 [33mwarn[39m: Community 13 not found in database
2025-06-24 09:37:58 [33mwarn[39m: Community 13 not found in database
2025-06-24 09:37:58 [33mwarn[39m: Community 13 not found in database
2025-06-24 09:37:58 [33mwarn[39m: Community 13 not found in database
2025-06-24 09:39:59 [32minfo[39m: Setting up chat listeners...
2025-06-24 09:39:59 [32minfo[39m: Medication notification scheduler started
2025-06-24 09:39:59 [32minfo[39m: Setting up chat listeners...
2025-06-24 09:40:00 [32minfo[39m: Setting up listener for community: 1
2025-06-24 09:40:00 [32minfo[39m: Setting up listener for community: 1
2025-06-24 09:40:00 [32minfo[39m: Setting up listener for community: 3
2025-06-24 09:40:00 [32minfo[39m: Setting up listener for community: 3
2025-06-24 09:40:00 [32minfo[39m: Setting up listener for community: 4
2025-06-24 09:40:00 [32minfo[39m: Setting up listener for community: 4
2025-06-24 09:40:00 [32minfo[39m: Setting up listener for community: 9
2025-06-24 09:40:00 [32minfo[39m: Setting up listener for community: 9
2025-06-24 09:40:00 [32minfo[39m: Setting up listener for community: 13
2025-06-24 09:40:00 [32minfo[39m: New message in community 13 from user 4
2025-06-24 09:40:00 [32minfo[39m: Setting up listener for community: 13
2025-06-24 09:40:00 [32minfo[39m: New message in community 13 from user 4
2025-06-24 09:40:00 [32minfo[39m: Setting up listener for community: 15
2025-06-24 09:40:01 [32minfo[39m: Setting up listener for community: 15
2025-06-24 09:40:01 [32minfo[39m: Setting up listener for community: 16
2025-06-24 09:40:01 [32minfo[39m: Setting up listener for community: 16
2025-06-24 09:40:01 [32minfo[39m: Setting up listener for community: 1
2025-06-24 09:40:01 [32minfo[39m: Setting up listener for community: 3
2025-06-24 09:40:01 [32minfo[39m: Setting up listener for community: 4
2025-06-24 09:40:01 [32minfo[39m: Setting up listener for community: 9
2025-06-24 09:40:01 [32minfo[39m: Setting up listener for community: 13
2025-06-24 09:40:01 [32minfo[39m: New message in community 13 from user 4
2025-06-24 09:40:01 [32minfo[39m: Setting up listener for community: 15
2025-06-24 09:40:01 [32minfo[39m: Setting up listener for community: 16
2025-06-24 09:40:01 [32minfo[39m: Chat listeners setup complete
2025-06-24 09:40:01 [32minfo[39m: Setting up listener for community: 1
2025-06-24 09:40:01 [32minfo[39m: Setting up listener for community: 3
2025-06-24 09:40:01 [32minfo[39m: Setting up listener for community: 4
2025-06-24 09:40:01 [32minfo[39m: Setting up listener for community: 9
2025-06-24 09:40:01 [32minfo[39m: Setting up listener for community: 13
2025-06-24 09:40:01 [32minfo[39m: New message in community 13 from user 4
2025-06-24 09:40:01 [32minfo[39m: Setting up listener for community: 15
2025-06-24 09:40:01 [32minfo[39m: Setting up listener for community: 16
2025-06-24 09:40:01 [32minfo[39m: Chat listeners setup complete
2025-06-24 09:40:01 [33mwarn[39m: Community 13 not found in database
2025-06-24 09:40:01 [33mwarn[39m: Community 13 not found in database
2025-06-24 09:40:01 [33mwarn[39m: Community 13 not found in database
2025-06-24 09:40:01 [33mwarn[39m: Community 13 not found in database
2025-06-24 09:40:29 [32minfo[39m: Setting up chat listeners...
2025-06-24 09:40:29 [32minfo[39m: Medication notification scheduler started
2025-06-24 09:40:29 [32minfo[39m: Setting up chat listeners...
2025-06-24 09:40:30 [32minfo[39m: Setting up listener for community: 1
2025-06-24 09:40:30 [32minfo[39m: Setting up listener for community: 1
2025-06-24 09:40:30 [32minfo[39m: Setting up listener for community: 3
2025-06-24 09:40:30 [32minfo[39m: Setting up listener for community: 3
2025-06-24 09:40:30 [32minfo[39m: Setting up listener for community: 4
2025-06-24 09:40:30 [32minfo[39m: Setting up listener for community: 4
2025-06-24 09:40:30 [32minfo[39m: Setting up listener for community: 9
2025-06-24 09:40:30 [32minfo[39m: Setting up listener for community: 9
2025-06-24 09:40:30 [32minfo[39m: Setting up listener for community: 13
2025-06-24 09:40:30 [32minfo[39m: New message in community 13 from user 4
2025-06-24 09:40:30 [32minfo[39m: Setting up listener for community: 13
2025-06-24 09:40:30 [32minfo[39m: New message in community 13 from user 4
2025-06-24 09:40:30 [32minfo[39m: Setting up listener for community: 15
2025-06-24 09:40:30 [32minfo[39m: Setting up listener for community: 15
2025-06-24 09:40:30 [32minfo[39m: Setting up listener for community: 16
2025-06-24 09:40:30 [32minfo[39m: Setting up listener for community: 16
2025-06-24 09:40:30 [32minfo[39m: Setting up listener for community: 1
2025-06-24 09:40:30 [32minfo[39m: Setting up listener for community: 3
2025-06-24 09:40:30 [32minfo[39m: Setting up listener for community: 4
2025-06-24 09:40:30 [32minfo[39m: Setting up listener for community: 9
2025-06-24 09:40:30 [32minfo[39m: Setting up listener for community: 13
2025-06-24 09:40:30 [32minfo[39m: New message in community 13 from user 4
2025-06-24 09:40:30 [32minfo[39m: Setting up listener for community: 15
2025-06-24 09:40:30 [32minfo[39m: Setting up listener for community: 16
2025-06-24 09:40:30 [32minfo[39m: Chat listeners setup complete
2025-06-24 09:40:30 [32minfo[39m: Setting up listener for community: 1
2025-06-24 09:40:30 [32minfo[39m: Setting up listener for community: 3
2025-06-24 09:40:30 [32minfo[39m: Setting up listener for community: 4
2025-06-24 09:40:30 [32minfo[39m: Setting up listener for community: 9
2025-06-24 09:40:30 [32minfo[39m: Setting up listener for community: 13
2025-06-24 09:40:30 [32minfo[39m: New message in community 13 from user 4
2025-06-24 09:40:30 [32minfo[39m: Setting up listener for community: 15
2025-06-24 09:40:30 [32minfo[39m: Setting up listener for community: 16
2025-06-24 09:40:30 [32minfo[39m: Chat listeners setup complete
2025-06-24 09:40:31 [33mwarn[39m: Community 13 not found in database
2025-06-24 09:40:31 [33mwarn[39m: Community 13 not found in database
2025-06-24 09:40:31 [33mwarn[39m: Community 13 not found in database
2025-06-24 09:40:31 [33mwarn[39m: Community 13 not found in database
2025-06-24 09:43:45 [32minfo[39m: Setting up chat listeners...
2025-06-24 09:43:45 [32minfo[39m: Medication notification scheduler started
2025-06-24 09:43:45 [32minfo[39m: Setting up chat listeners...
2025-06-24 09:43:46 [32minfo[39m: Setting up listener for community: 1
2025-06-24 09:43:46 [32minfo[39m: Setting up listener for community: 1
2025-06-24 09:43:46 [32minfo[39m: Setting up listener for community: 3
2025-06-24 09:43:46 [32minfo[39m: Setting up listener for community: 3
2025-06-24 09:43:46 [32minfo[39m: Setting up listener for community: 4
2025-06-24 09:43:46 [32minfo[39m: Setting up listener for community: 4
2025-06-24 09:43:46 [32minfo[39m: Setting up listener for community: 9
2025-06-24 09:43:46 [32minfo[39m: Setting up listener for community: 9
2025-06-24 09:43:46 [32minfo[39m: Setting up listener for community: 13
2025-06-24 09:43:46 [32minfo[39m: New message in community 13 from user 4
2025-06-24 09:43:46 [32minfo[39m: Setting up listener for community: 13
2025-06-24 09:43:46 [32minfo[39m: New message in community 13 from user 4
2025-06-24 09:43:46 [32minfo[39m: Setting up listener for community: 15
2025-06-24 09:43:46 [32minfo[39m: Setting up listener for community: 15
2025-06-24 09:43:46 [32minfo[39m: Setting up listener for community: 16
2025-06-24 09:43:46 [32minfo[39m: Setting up listener for community: 16
2025-06-24 09:43:46 [32minfo[39m: Setting up listener for community: 1
2025-06-24 09:43:46 [32minfo[39m: Setting up listener for community: 3
2025-06-24 09:43:46 [32minfo[39m: Setting up listener for community: 4
2025-06-24 09:43:46 [32minfo[39m: Setting up listener for community: 9
2025-06-24 09:43:46 [32minfo[39m: Setting up listener for community: 13
2025-06-24 09:43:46 [32minfo[39m: New message in community 13 from user 4
2025-06-24 09:43:46 [32minfo[39m: Setting up listener for community: 15
2025-06-24 09:43:46 [32minfo[39m: Setting up listener for community: 16
2025-06-24 09:43:46 [32minfo[39m: Chat listeners setup complete
2025-06-24 09:43:46 [32minfo[39m: Setting up listener for community: 1
2025-06-24 09:43:46 [32minfo[39m: Setting up listener for community: 3
2025-06-24 09:43:46 [32minfo[39m: Setting up listener for community: 4
2025-06-24 09:43:46 [32minfo[39m: Setting up listener for community: 9
2025-06-24 09:43:46 [32minfo[39m: Setting up listener for community: 13
2025-06-24 09:43:46 [32minfo[39m: New message in community 13 from user 4
2025-06-24 09:43:46 [32minfo[39m: Setting up listener for community: 15
2025-06-24 09:43:46 [32minfo[39m: Setting up listener for community: 16
2025-06-24 09:43:46 [32minfo[39m: Chat listeners setup complete
2025-06-24 09:43:48 [32minfo[39m: Setting up chat listeners...
2025-06-24 09:43:48 [32minfo[39m: Medication notification scheduler started
2025-06-24 09:43:48 [32minfo[39m: Setting up chat listeners...
2025-06-24 09:43:49 [32minfo[39m: Setting up listener for community: 1
2025-06-24 09:43:49 [32minfo[39m: Setting up listener for community: 1
2025-06-24 09:43:49 [32minfo[39m: Setting up listener for community: 3
2025-06-24 09:43:49 [32minfo[39m: Setting up listener for community: 3
2025-06-24 09:43:49 [32minfo[39m: Setting up listener for community: 4
2025-06-24 09:43:49 [32minfo[39m: Setting up listener for community: 4
2025-06-24 09:43:49 [32minfo[39m: Setting up listener for community: 9
2025-06-24 09:43:49 [32minfo[39m: Setting up listener for community: 9
2025-06-24 09:43:49 [32minfo[39m: Setting up listener for community: 13
2025-06-24 09:43:49 [32minfo[39m: New message in community 13 from user 4
2025-06-24 09:43:49 [32minfo[39m: Setting up listener for community: 13
2025-06-24 09:43:49 [32minfo[39m: New message in community 13 from user 4
2025-06-24 09:43:49 [32minfo[39m: Setting up listener for community: 15
2025-06-24 09:43:49 [32minfo[39m: Setting up listener for community: 15
2025-06-24 09:43:49 [32minfo[39m: Setting up listener for community: 16
2025-06-24 09:43:49 [32minfo[39m: Setting up listener for community: 16
2025-06-24 09:43:49 [32minfo[39m: Setting up listener for community: 1
2025-06-24 09:43:49 [32minfo[39m: Setting up listener for community: 3
2025-06-24 09:43:49 [32minfo[39m: Setting up listener for community: 4
2025-06-24 09:43:49 [32minfo[39m: Setting up listener for community: 9
2025-06-24 09:43:49 [32minfo[39m: Setting up listener for community: 13
2025-06-24 09:43:49 [32minfo[39m: New message in community 13 from user 4
2025-06-24 09:43:49 [32minfo[39m: Setting up listener for community: 15
2025-06-24 09:43:49 [32minfo[39m: Setting up listener for community: 16
2025-06-24 09:43:49 [32minfo[39m: Chat listeners setup complete
2025-06-24 09:43:49 [32minfo[39m: Setting up listener for community: 1
2025-06-24 09:43:49 [32minfo[39m: Setting up listener for community: 3
2025-06-24 09:43:49 [32minfo[39m: Setting up listener for community: 4
2025-06-24 09:43:49 [32minfo[39m: Setting up listener for community: 9
2025-06-24 09:43:49 [32minfo[39m: Setting up listener for community: 13
2025-06-24 09:43:49 [32minfo[39m: New message in community 13 from user 4
2025-06-24 09:43:49 [32minfo[39m: Setting up listener for community: 15
2025-06-24 09:43:49 [32minfo[39m: Setting up listener for community: 16
2025-06-24 09:43:49 [32minfo[39m: Chat listeners setup complete
2025-06-24 09:43:50 [33mwarn[39m: Community 13 not found in database
2025-06-24 09:43:50 [33mwarn[39m: Community 13 not found in database
2025-06-24 09:43:50 [33mwarn[39m: Community 13 not found in database
2025-06-24 09:43:50 [33mwarn[39m: Community 13 not found in database
2025-06-24 09:43:59 [32minfo[39m: Setting up chat listeners...
2025-06-24 09:44:00 [32minfo[39m: Medication notification scheduler started
2025-06-24 09:44:00 [32minfo[39m: Setting up chat listeners...
2025-06-24 09:44:01 [32minfo[39m: Setting up listener for community: 1
2025-06-24 09:44:01 [32minfo[39m: Setting up listener for community: 1
2025-06-24 09:44:01 [32minfo[39m: Setting up listener for community: 3
2025-06-24 09:44:01 [32minfo[39m: Setting up listener for community: 3
2025-06-24 09:44:01 [32minfo[39m: Setting up listener for community: 4
2025-06-24 09:44:01 [32minfo[39m: Setting up listener for community: 4
2025-06-24 09:44:01 [32minfo[39m: Setting up listener for community: 9
2025-06-24 09:44:01 [32minfo[39m: Setting up listener for community: 9
2025-06-24 09:44:01 [32minfo[39m: Setting up listener for community: 13
2025-06-24 09:44:01 [32minfo[39m: New message in community 13 from user 4
2025-06-24 09:44:01 [32minfo[39m: Setting up listener for community: 13
2025-06-24 09:44:01 [32minfo[39m: New message in community 13 from user 4
2025-06-24 09:44:01 [32minfo[39m: Setting up listener for community: 15
2025-06-24 09:44:01 [32minfo[39m: Setting up listener for community: 15
2025-06-24 09:44:01 [32minfo[39m: Setting up listener for community: 16
2025-06-24 09:44:01 [32minfo[39m: Setting up listener for community: 16
2025-06-24 09:44:01 [32minfo[39m: Setting up listener for community: 1
2025-06-24 09:44:01 [32minfo[39m: Setting up listener for community: 3
2025-06-24 09:44:01 [32minfo[39m: Setting up listener for community: 4
2025-06-24 09:44:01 [32minfo[39m: Setting up listener for community: 9
2025-06-24 09:44:01 [32minfo[39m: Setting up listener for community: 13
2025-06-24 09:44:01 [32minfo[39m: New message in community 13 from user 4
2025-06-24 09:44:01 [32minfo[39m: Setting up listener for community: 15
2025-06-24 09:44:01 [32minfo[39m: Setting up listener for community: 16
2025-06-24 09:44:01 [32minfo[39m: Chat listeners setup complete
2025-06-24 09:44:01 [32minfo[39m: Setting up listener for community: 1
2025-06-24 09:44:01 [32minfo[39m: Setting up listener for community: 3
2025-06-24 09:44:01 [32minfo[39m: Setting up listener for community: 4
2025-06-24 09:44:01 [32minfo[39m: Setting up listener for community: 9
2025-06-24 09:44:01 [32minfo[39m: Setting up listener for community: 13
2025-06-24 09:44:01 [32minfo[39m: New message in community 13 from user 4
2025-06-24 09:44:01 [32minfo[39m: Setting up listener for community: 15
2025-06-24 09:44:01 [32minfo[39m: Setting up listener for community: 16
2025-06-24 09:44:01 [32minfo[39m: Chat listeners setup complete
2025-06-24 09:44:02 [33mwarn[39m: Community 13 not found in database
2025-06-24 09:44:02 [33mwarn[39m: Community 13 not found in database
2025-06-24 09:44:02 [33mwarn[39m: Community 13 not found in database
2025-06-24 09:44:02 [33mwarn[39m: Community 13 not found in database
2025-06-24 09:52:05 [32minfo[39m: Setting up chat listeners...
2025-06-24 09:52:05 [32minfo[39m: Medication notification scheduler started
2025-06-24 09:52:05 [32minfo[39m: Setting up chat listeners...
2025-06-24 09:52:07 [32minfo[39m: Setting up listener for community: 1
2025-06-24 09:52:07 [32minfo[39m: Setting up listener for community: 1
2025-06-24 09:52:07 [32minfo[39m: Setting up listener for community: 3
2025-06-24 09:52:07 [32minfo[39m: Setting up listener for community: 3
2025-06-24 09:52:07 [32minfo[39m: Setting up listener for community: 4
2025-06-24 09:52:07 [32minfo[39m: Setting up listener for community: 4
2025-06-24 09:52:07 [32minfo[39m: Setting up listener for community: 9
2025-06-24 09:52:07 [32minfo[39m: Setting up listener for community: 9
2025-06-24 09:52:07 [32minfo[39m: Setting up listener for community: 13
2025-06-24 09:52:07 [32minfo[39m: New message in community 13 from user 4
2025-06-24 09:52:07 [32minfo[39m: Setting up listener for community: 13
2025-06-24 09:52:07 [32minfo[39m: New message in community 13 from user 4
2025-06-24 09:52:07 [32minfo[39m: Setting up listener for community: 15
2025-06-24 09:52:07 [32minfo[39m: Setting up listener for community: 15
2025-06-24 09:52:07 [32minfo[39m: Setting up listener for community: 16
2025-06-24 09:52:07 [32minfo[39m: Setting up listener for community: 16
2025-06-24 09:52:07 [32minfo[39m: Setting up listener for community: 1
2025-06-24 09:52:07 [32minfo[39m: Setting up listener for community: 3
2025-06-24 09:52:07 [32minfo[39m: Setting up listener for community: 4
2025-06-24 09:52:07 [32minfo[39m: Setting up listener for community: 9
2025-06-24 09:52:07 [32minfo[39m: Setting up listener for community: 13
2025-06-24 09:52:07 [32minfo[39m: New message in community 13 from user 4
2025-06-24 09:52:07 [32minfo[39m: Setting up listener for community: 15
2025-06-24 09:52:07 [32minfo[39m: Setting up listener for community: 16
2025-06-24 09:52:07 [32minfo[39m: Chat listeners setup complete
2025-06-24 09:52:07 [32minfo[39m: Setting up listener for community: 1
2025-06-24 09:52:07 [32minfo[39m: Setting up listener for community: 3
2025-06-24 09:52:07 [32minfo[39m: Setting up listener for community: 4
2025-06-24 09:52:07 [32minfo[39m: Setting up listener for community: 9
2025-06-24 09:52:07 [32minfo[39m: Setting up listener for community: 13
2025-06-24 09:52:07 [32minfo[39m: New message in community 13 from user 4
2025-06-24 09:52:07 [32minfo[39m: Setting up listener for community: 15
2025-06-24 09:52:07 [32minfo[39m: Setting up listener for community: 16
2025-06-24 09:52:07 [32minfo[39m: Chat listeners setup complete
2025-06-24 09:52:07 [33mwarn[39m: Community 13 not found in database
2025-06-24 09:52:07 [33mwarn[39m: Community 13 not found in database
2025-06-24 09:52:07 [33mwarn[39m: Community 13 not found in database
2025-06-24 09:52:07 [33mwarn[39m: Community 13 not found in database
2025-06-24 09:54:58 [32minfo[39m: Setting up chat listeners...
2025-06-24 09:54:58 [32minfo[39m: Medication notification scheduler started
2025-06-24 09:54:58 [32minfo[39m: Setting up chat listeners...
2025-06-24 09:54:58 [32minfo[39m: Setting up listener for community: 1
2025-06-24 09:54:58 [32minfo[39m: Setting up listener for community: 1
2025-06-24 09:54:58 [32minfo[39m: Setting up listener for community: 3
2025-06-24 09:54:58 [32minfo[39m: Setting up listener for community: 3
2025-06-24 09:54:58 [32minfo[39m: Setting up listener for community: 4
2025-06-24 09:54:58 [32minfo[39m: Setting up listener for community: 4
2025-06-24 09:54:58 [32minfo[39m: Setting up listener for community: 9
2025-06-24 09:54:58 [32minfo[39m: Setting up listener for community: 9
2025-06-24 09:54:58 [32minfo[39m: Setting up listener for community: 13
2025-06-24 09:54:58 [32minfo[39m: New message in community 13 from user 4
2025-06-24 09:54:58 [32minfo[39m: Setting up listener for community: 13
2025-06-24 09:54:58 [32minfo[39m: New message in community 13 from user 4
2025-06-24 09:54:58 [32minfo[39m: Setting up listener for community: 15
2025-06-24 09:54:58 [32minfo[39m: Setting up listener for community: 15
2025-06-24 09:54:58 [32minfo[39m: Setting up listener for community: 16
2025-06-24 09:54:58 [32minfo[39m: Setting up listener for community: 16
2025-06-24 09:54:58 [32minfo[39m: Setting up listener for community: 1
2025-06-24 09:54:58 [32minfo[39m: Setting up listener for community: 3
2025-06-24 09:54:58 [32minfo[39m: Setting up listener for community: 4
2025-06-24 09:54:58 [32minfo[39m: Setting up listener for community: 9
2025-06-24 09:54:58 [32minfo[39m: Setting up listener for community: 13
2025-06-24 09:54:58 [32minfo[39m: New message in community 13 from user 4
2025-06-24 09:54:58 [32minfo[39m: Setting up listener for community: 15
2025-06-24 09:54:58 [32minfo[39m: Setting up listener for community: 16
2025-06-24 09:54:58 [32minfo[39m: Chat listeners setup complete
2025-06-24 09:54:58 [32minfo[39m: Setting up listener for community: 1
2025-06-24 09:54:58 [32minfo[39m: Setting up listener for community: 3
2025-06-24 09:54:58 [32minfo[39m: Setting up listener for community: 4
2025-06-24 09:54:58 [32minfo[39m: Setting up listener for community: 9
2025-06-24 09:54:58 [32minfo[39m: Setting up listener for community: 13
2025-06-24 09:54:58 [32minfo[39m: New message in community 13 from user 4
2025-06-24 09:54:58 [32minfo[39m: Setting up listener for community: 15
2025-06-24 09:54:58 [32minfo[39m: Setting up listener for community: 16
2025-06-24 09:54:58 [32minfo[39m: Chat listeners setup complete
2025-06-24 09:55:00 [33mwarn[39m: Community 13 not found in database
2025-06-24 09:55:00 [33mwarn[39m: Community 13 not found in database
2025-06-24 09:55:00 [33mwarn[39m: Community 13 not found in database
2025-06-24 09:55:00 [33mwarn[39m: Community 13 not found in database
2025-06-24 09:55:22 [32minfo[39m: Setting up chat listeners...
2025-06-24 09:55:22 [32minfo[39m: Medication notification scheduler started
2025-06-24 09:55:22 [32minfo[39m: Setting up chat listeners...
2025-06-24 09:55:22 [32minfo[39m: Setting up listener for community: 1
2025-06-24 09:55:22 [32minfo[39m: Setting up listener for community: 1
2025-06-24 09:55:22 [32minfo[39m: Setting up listener for community: 3
2025-06-24 09:55:22 [32minfo[39m: Setting up listener for community: 3
2025-06-24 09:55:22 [32minfo[39m: Setting up listener for community: 4
2025-06-24 09:55:22 [32minfo[39m: Setting up listener for community: 4
2025-06-24 09:55:22 [32minfo[39m: Setting up listener for community: 9
2025-06-24 09:55:22 [32minfo[39m: Setting up listener for community: 9
2025-06-24 09:55:22 [32minfo[39m: Setting up listener for community: 13
2025-06-24 09:55:22 [32minfo[39m: New message in community 13 from user 4
2025-06-24 09:55:22 [32minfo[39m: Setting up listener for community: 13
2025-06-24 09:55:22 [32minfo[39m: New message in community 13 from user 4
2025-06-24 09:55:22 [32minfo[39m: Setting up listener for community: 15
2025-06-24 09:55:22 [32minfo[39m: Setting up listener for community: 15
2025-06-24 09:55:22 [32minfo[39m: Setting up listener for community: 16
2025-06-24 09:55:22 [32minfo[39m: Setting up listener for community: 16
2025-06-24 09:55:22 [32minfo[39m: Setting up listener for community: 1
2025-06-24 09:55:22 [32minfo[39m: Setting up listener for community: 3
2025-06-24 09:55:22 [32minfo[39m: Setting up listener for community: 4
2025-06-24 09:55:22 [32minfo[39m: Setting up listener for community: 9
2025-06-24 09:55:22 [32minfo[39m: Setting up listener for community: 13
2025-06-24 09:55:22 [32minfo[39m: New message in community 13 from user 4
2025-06-24 09:55:22 [32minfo[39m: Setting up listener for community: 15
2025-06-24 09:55:22 [32minfo[39m: Setting up listener for community: 16
2025-06-24 09:55:22 [32minfo[39m: Chat listeners setup complete
2025-06-24 09:55:22 [32minfo[39m: Setting up listener for community: 1
2025-06-24 09:55:22 [32minfo[39m: Setting up listener for community: 3
2025-06-24 09:55:22 [32minfo[39m: Setting up listener for community: 4
2025-06-24 09:55:22 [32minfo[39m: Setting up listener for community: 9
2025-06-24 09:55:22 [32minfo[39m: Setting up listener for community: 13
2025-06-24 09:55:22 [32minfo[39m: New message in community 13 from user 4
2025-06-24 09:55:22 [32minfo[39m: Setting up listener for community: 15
2025-06-24 09:55:22 [32minfo[39m: Setting up listener for community: 16
2025-06-24 09:55:22 [32minfo[39m: Chat listeners setup complete
2025-06-24 09:55:24 [33mwarn[39m: Community 13 not found in database
2025-06-24 09:55:24 [33mwarn[39m: Community 13 not found in database
2025-06-24 09:55:24 [33mwarn[39m: Community 13 not found in database
2025-06-24 09:55:24 [33mwarn[39m: Community 13 not found in database
2025-06-24 09:55:30 [32minfo[39m: Setting up chat listeners...
2025-06-24 09:55:30 [32minfo[39m: Medication notification scheduler started
2025-06-24 09:55:30 [32minfo[39m: Setting up chat listeners...
2025-06-24 09:55:30 [32minfo[39m: Setting up listener for community: 1
2025-06-24 09:55:30 [32minfo[39m: Setting up listener for community: 1
2025-06-24 09:55:30 [32minfo[39m: Setting up listener for community: 3
2025-06-24 09:55:30 [32minfo[39m: Setting up listener for community: 3
2025-06-24 09:55:30 [32minfo[39m: Setting up listener for community: 4
2025-06-24 09:55:30 [32minfo[39m: Setting up listener for community: 4
2025-06-24 09:55:30 [32minfo[39m: Setting up listener for community: 9
2025-06-24 09:55:30 [32minfo[39m: Setting up listener for community: 9
2025-06-24 09:55:30 [32minfo[39m: Setting up listener for community: 13
2025-06-24 09:55:30 [32minfo[39m: New message in community 13 from user 4
2025-06-24 09:55:30 [32minfo[39m: Setting up listener for community: 13
2025-06-24 09:55:30 [32minfo[39m: New message in community 13 from user 4
2025-06-24 09:55:30 [32minfo[39m: Setting up listener for community: 15
2025-06-24 09:55:30 [32minfo[39m: Setting up listener for community: 15
2025-06-24 09:55:30 [32minfo[39m: Setting up listener for community: 16
2025-06-24 09:55:30 [32minfo[39m: Setting up listener for community: 16
2025-06-24 09:55:30 [32minfo[39m: Setting up listener for community: 1
2025-06-24 09:55:30 [32minfo[39m: Setting up listener for community: 3
2025-06-24 09:55:30 [32minfo[39m: Setting up listener for community: 4
2025-06-24 09:55:30 [32minfo[39m: Setting up listener for community: 9
2025-06-24 09:55:30 [32minfo[39m: Setting up listener for community: 13
2025-06-24 09:55:30 [32minfo[39m: New message in community 13 from user 4
2025-06-24 09:55:30 [32minfo[39m: Setting up listener for community: 15
2025-06-24 09:55:30 [32minfo[39m: Setting up listener for community: 16
2025-06-24 09:55:30 [32minfo[39m: Chat listeners setup complete
2025-06-24 09:55:30 [32minfo[39m: Setting up listener for community: 1
2025-06-24 09:55:30 [32minfo[39m: Setting up listener for community: 3
2025-06-24 09:55:30 [32minfo[39m: Setting up listener for community: 4
2025-06-24 09:55:30 [32minfo[39m: Setting up listener for community: 9
2025-06-24 09:55:30 [32minfo[39m: Setting up listener for community: 13
2025-06-24 09:55:30 [32minfo[39m: New message in community 13 from user 4
2025-06-24 09:55:30 [32minfo[39m: Setting up listener for community: 15
2025-06-24 09:55:30 [32minfo[39m: Setting up listener for community: 16
2025-06-24 09:55:30 [32minfo[39m: Chat listeners setup complete
2025-06-24 09:55:32 [33mwarn[39m: Community 13 not found in database
2025-06-24 09:55:32 [33mwarn[39m: Community 13 not found in database
2025-06-24 09:55:32 [33mwarn[39m: Community 13 not found in database
2025-06-24 09:55:32 [33mwarn[39m: Community 13 not found in database
2025-06-24 09:55:36 [32minfo[39m: Setting up chat listeners...
2025-06-24 09:55:36 [32minfo[39m: Medication notification scheduler started
2025-06-24 09:55:36 [32minfo[39m: Setting up chat listeners...
2025-06-24 09:55:36 [32minfo[39m: Setting up listener for community: 1
2025-06-24 09:55:36 [32minfo[39m: Setting up listener for community: 1
2025-06-24 09:55:36 [32minfo[39m: Setting up listener for community: 3
2025-06-24 09:55:36 [32minfo[39m: Setting up listener for community: 3
2025-06-24 09:55:36 [32minfo[39m: Setting up listener for community: 4
2025-06-24 09:55:36 [32minfo[39m: Setting up listener for community: 4
2025-06-24 09:55:36 [32minfo[39m: Setting up listener for community: 9
2025-06-24 09:55:36 [32minfo[39m: Setting up listener for community: 9
2025-06-24 09:55:36 [32minfo[39m: Setting up listener for community: 13
2025-06-24 09:55:36 [32minfo[39m: New message in community 13 from user 4
2025-06-24 09:55:36 [32minfo[39m: Setting up listener for community: 13
2025-06-24 09:55:36 [32minfo[39m: New message in community 13 from user 4
2025-06-24 09:55:36 [32minfo[39m: Setting up listener for community: 15
2025-06-24 09:55:36 [32minfo[39m: Setting up listener for community: 15
2025-06-24 09:55:36 [32minfo[39m: Setting up listener for community: 16
2025-06-24 09:55:36 [32minfo[39m: Setting up listener for community: 16
2025-06-24 09:55:36 [32minfo[39m: Setting up listener for community: 1
2025-06-24 09:55:37 [32minfo[39m: Setting up listener for community: 3
2025-06-24 09:55:37 [32minfo[39m: Setting up listener for community: 4
2025-06-24 09:55:37 [32minfo[39m: Setting up listener for community: 9
2025-06-24 09:55:37 [32minfo[39m: Setting up listener for community: 13
2025-06-24 09:55:37 [32minfo[39m: New message in community 13 from user 4
2025-06-24 09:55:37 [32minfo[39m: Setting up listener for community: 15
2025-06-24 09:55:37 [32minfo[39m: Setting up listener for community: 16
2025-06-24 09:55:37 [32minfo[39m: Chat listeners setup complete
2025-06-24 09:55:37 [32minfo[39m: Setting up listener for community: 1
2025-06-24 09:55:37 [32minfo[39m: Setting up listener for community: 3
2025-06-24 09:55:37 [32minfo[39m: Setting up listener for community: 4
2025-06-24 09:55:37 [32minfo[39m: Setting up listener for community: 9
2025-06-24 09:55:37 [32minfo[39m: Setting up listener for community: 13
2025-06-24 09:55:37 [32minfo[39m: New message in community 13 from user 4
2025-06-24 09:55:37 [32minfo[39m: Setting up listener for community: 15
2025-06-24 09:55:37 [32minfo[39m: Setting up listener for community: 16
2025-06-24 09:55:37 [32minfo[39m: Chat listeners setup complete
2025-06-24 09:55:39 [32minfo[39m: Setting up chat listeners...
2025-06-24 09:55:39 [32minfo[39m: Medication notification scheduler started
2025-06-24 09:55:40 [32minfo[39m: Setting up chat listeners...
2025-06-24 09:55:40 [32minfo[39m: Setting up listener for community: 1
2025-06-24 09:55:40 [32minfo[39m: Setting up listener for community: 1
2025-06-24 09:55:40 [32minfo[39m: Setting up listener for community: 3
2025-06-24 09:55:40 [32minfo[39m: Setting up listener for community: 3
2025-06-24 09:55:40 [32minfo[39m: Setting up listener for community: 4
2025-06-24 09:55:40 [32minfo[39m: Setting up listener for community: 4
2025-06-24 09:55:40 [32minfo[39m: Setting up listener for community: 9
2025-06-24 09:55:40 [32minfo[39m: Setting up listener for community: 9
2025-06-24 09:55:40 [32minfo[39m: Setting up listener for community: 13
2025-06-24 09:55:40 [32minfo[39m: New message in community 13 from user 4
2025-06-24 09:55:40 [32minfo[39m: Setting up listener for community: 13
2025-06-24 09:55:40 [32minfo[39m: New message in community 13 from user 4
2025-06-24 09:55:40 [32minfo[39m: Setting up listener for community: 15
2025-06-24 09:55:40 [32minfo[39m: Setting up listener for community: 15
2025-06-24 09:55:40 [32minfo[39m: Setting up listener for community: 16
2025-06-24 09:55:40 [32minfo[39m: Setting up listener for community: 16
2025-06-24 09:55:40 [32minfo[39m: Setting up listener for community: 1
2025-06-24 09:55:40 [32minfo[39m: Setting up listener for community: 3
2025-06-24 09:55:40 [32minfo[39m: Setting up listener for community: 4
2025-06-24 09:55:40 [32minfo[39m: Setting up listener for community: 9
2025-06-24 09:55:40 [32minfo[39m: Setting up listener for community: 13
2025-06-24 09:55:40 [32minfo[39m: New message in community 13 from user 4
2025-06-24 09:55:40 [32minfo[39m: Setting up listener for community: 15
2025-06-24 09:55:40 [32minfo[39m: Setting up listener for community: 16
2025-06-24 09:55:40 [32minfo[39m: Chat listeners setup complete
2025-06-24 09:55:40 [32minfo[39m: Setting up listener for community: 1
2025-06-24 09:55:40 [32minfo[39m: Setting up listener for community: 3
2025-06-24 09:55:40 [32minfo[39m: Setting up listener for community: 4
2025-06-24 09:55:40 [32minfo[39m: Setting up listener for community: 9
2025-06-24 09:55:40 [32minfo[39m: Setting up listener for community: 13
2025-06-24 09:55:40 [32minfo[39m: New message in community 13 from user 4
2025-06-24 09:55:40 [32minfo[39m: Setting up listener for community: 15
2025-06-24 09:55:40 [32minfo[39m: Setting up listener for community: 16
2025-06-24 09:55:40 [32minfo[39m: Chat listeners setup complete
2025-06-24 09:55:42 [33mwarn[39m: Community 13 not found in database
2025-06-24 09:55:42 [33mwarn[39m: Community 13 not found in database
2025-06-24 09:55:42 [33mwarn[39m: Community 13 not found in database
2025-06-24 09:55:42 [33mwarn[39m: Community 13 not found in database
2025-06-24 09:55:45 [32minfo[39m: Setting up chat listeners...
2025-06-24 09:55:45 [32minfo[39m: Medication notification scheduler started
2025-06-24 09:55:45 [32minfo[39m: Setting up chat listeners...
2025-06-24 09:55:45 [32minfo[39m: Setting up listener for community: 1
2025-06-24 09:55:45 [32minfo[39m: Setting up listener for community: 1
2025-06-24 09:55:45 [32minfo[39m: Setting up listener for community: 3
2025-06-24 09:55:45 [32minfo[39m: Setting up listener for community: 3
2025-06-24 09:55:45 [32minfo[39m: Setting up listener for community: 4
2025-06-24 09:55:45 [32minfo[39m: Setting up listener for community: 4
2025-06-24 09:55:45 [32minfo[39m: Setting up listener for community: 9
2025-06-24 09:55:45 [32minfo[39m: Setting up listener for community: 9
2025-06-24 09:55:45 [32minfo[39m: Setting up listener for community: 13
2025-06-24 09:55:45 [32minfo[39m: New message in community 13 from user 4
2025-06-24 09:55:45 [32minfo[39m: Setting up listener for community: 13
2025-06-24 09:55:45 [32minfo[39m: New message in community 13 from user 4
2025-06-24 09:55:45 [32minfo[39m: Setting up listener for community: 15
2025-06-24 09:55:45 [32minfo[39m: Setting up listener for community: 15
2025-06-24 09:55:45 [32minfo[39m: Setting up listener for community: 16
2025-06-24 09:55:45 [32minfo[39m: Setting up listener for community: 16
2025-06-24 09:55:45 [32minfo[39m: Setting up listener for community: 1
2025-06-24 09:55:45 [32minfo[39m: Setting up listener for community: 3
2025-06-24 09:55:45 [32minfo[39m: Setting up listener for community: 4
2025-06-24 09:55:45 [32minfo[39m: Setting up listener for community: 9
2025-06-24 09:55:45 [32minfo[39m: Setting up listener for community: 13
2025-06-24 09:55:45 [32minfo[39m: New message in community 13 from user 4
2025-06-24 09:55:45 [32minfo[39m: Setting up listener for community: 15
2025-06-24 09:55:45 [32minfo[39m: Setting up listener for community: 16
2025-06-24 09:55:45 [32minfo[39m: Chat listeners setup complete
2025-06-24 09:55:45 [32minfo[39m: Setting up listener for community: 1
2025-06-24 09:55:45 [32minfo[39m: Setting up listener for community: 3
2025-06-24 09:55:45 [32minfo[39m: Setting up listener for community: 4
2025-06-24 09:55:45 [32minfo[39m: Setting up listener for community: 9
2025-06-24 09:55:45 [32minfo[39m: Setting up listener for community: 13
2025-06-24 09:55:45 [32minfo[39m: New message in community 13 from user 4
2025-06-24 09:55:45 [32minfo[39m: Setting up listener for community: 15
2025-06-24 09:55:45 [32minfo[39m: Setting up listener for community: 16
2025-06-24 09:55:45 [32minfo[39m: Chat listeners setup complete
2025-06-24 09:55:47 [33mwarn[39m: Community 13 not found in database
2025-06-24 09:55:47 [33mwarn[39m: Community 13 not found in database
2025-06-24 09:55:47 [33mwarn[39m: Community 13 not found in database
2025-06-24 09:55:47 [33mwarn[39m: Community 13 not found in database
2025-06-24 09:59:21 [32minfo[39m: Setting up chat listeners...
2025-06-24 09:59:21 [32minfo[39m: Medication notification scheduler started
2025-06-24 09:59:21 [32minfo[39m: Setting up chat listeners...
2025-06-24 09:59:28 [32minfo[39m: Setting up chat listeners...
2025-06-24 09:59:28 [32minfo[39m: Medication notification scheduler started
2025-06-24 09:59:28 [32minfo[39m: Setting up chat listeners...
2025-06-24 09:59:30 [32minfo[39m: Setting up chat listeners...
2025-06-24 09:59:30 [32minfo[39m: Medication notification scheduler started
2025-06-24 09:59:30 [32minfo[39m: Setting up chat listeners...
2025-06-24 09:59:31 [32minfo[39m: Setting up listener for community: 1
2025-06-24 09:59:31 [32minfo[39m: Setting up listener for community: 1
2025-06-24 09:59:31 [32minfo[39m: Setting up listener for community: 3
2025-06-24 09:59:31 [32minfo[39m: Setting up listener for community: 3
2025-06-24 09:59:31 [32minfo[39m: Setting up listener for community: 4
2025-06-24 09:59:31 [32minfo[39m: Setting up listener for community: 4
2025-06-24 09:59:31 [32minfo[39m: Setting up listener for community: 9
2025-06-24 09:59:31 [32minfo[39m: Setting up listener for community: 9
2025-06-24 09:59:31 [32minfo[39m: Setting up listener for community: 13
2025-06-24 09:59:31 [32minfo[39m: New message in community 13 from user 4
2025-06-24 09:59:31 [32minfo[39m: Setting up listener for community: 13
2025-06-24 09:59:31 [32minfo[39m: New message in community 13 from user 4
2025-06-24 09:59:31 [32minfo[39m: Setting up listener for community: 15
2025-06-24 09:59:31 [32minfo[39m: Setting up listener for community: 15
2025-06-24 09:59:31 [32minfo[39m: Setting up listener for community: 16
2025-06-24 09:59:31 [32minfo[39m: Setting up listener for community: 16
2025-06-24 09:59:31 [32minfo[39m: Setting up listener for community: 1
2025-06-24 09:59:31 [32minfo[39m: Setting up listener for community: 3
2025-06-24 09:59:31 [32minfo[39m: Setting up listener for community: 4
2025-06-24 09:59:31 [32minfo[39m: Setting up listener for community: 9
2025-06-24 09:59:31 [32minfo[39m: Setting up listener for community: 13
2025-06-24 09:59:31 [32minfo[39m: New message in community 13 from user 4
2025-06-24 09:59:31 [32minfo[39m: Setting up listener for community: 15
2025-06-24 09:59:31 [32minfo[39m: Setting up listener for community: 16
2025-06-24 09:59:31 [32minfo[39m: Chat listeners setup complete
2025-06-24 09:59:31 [32minfo[39m: Setting up listener for community: 1
2025-06-24 09:59:31 [32minfo[39m: Setting up listener for community: 3
2025-06-24 09:59:31 [32minfo[39m: Setting up listener for community: 4
2025-06-24 09:59:31 [32minfo[39m: Setting up listener for community: 9
2025-06-24 09:59:31 [32minfo[39m: Setting up listener for community: 13
2025-06-24 09:59:31 [32minfo[39m: New message in community 13 from user 4
2025-06-24 09:59:31 [32minfo[39m: Setting up listener for community: 15
2025-06-24 09:59:31 [32minfo[39m: Setting up listener for community: 16
2025-06-24 09:59:31 [32minfo[39m: Chat listeners setup complete
2025-06-24 09:59:32 [33mwarn[39m: Community 13 not found in database
2025-06-24 09:59:32 [33mwarn[39m: Community 13 not found in database
2025-06-24 09:59:32 [33mwarn[39m: Community 13 not found in database
2025-06-24 09:59:32 [33mwarn[39m: Community 13 not found in database
2025-06-24 10:00:22 [32minfo[39m: Setting up chat listeners...
2025-06-24 10:00:22 [32minfo[39m: Medication notification scheduler started
2025-06-24 10:00:22 [32minfo[39m: Setting up chat listeners...
2025-06-24 10:00:22 [32minfo[39m: Setting up listener for community: 1
2025-06-24 10:00:22 [32minfo[39m: Setting up listener for community: 1
2025-06-24 10:00:22 [32minfo[39m: Setting up listener for community: 3
2025-06-24 10:00:22 [32minfo[39m: Setting up listener for community: 3
2025-06-24 10:00:22 [32minfo[39m: Setting up listener for community: 4
2025-06-24 10:00:22 [32minfo[39m: Setting up listener for community: 4
2025-06-24 10:00:22 [32minfo[39m: Setting up listener for community: 9
2025-06-24 10:00:22 [32minfo[39m: Setting up listener for community: 9
2025-06-24 10:00:22 [32minfo[39m: Setting up listener for community: 13
2025-06-24 10:00:22 [32minfo[39m: New message in community 13 from user 4
2025-06-24 10:00:22 [32minfo[39m: Setting up listener for community: 13
2025-06-24 10:00:22 [32minfo[39m: New message in community 13 from user 4
2025-06-24 10:00:22 [32minfo[39m: Setting up listener for community: 15
2025-06-24 10:00:22 [32minfo[39m: Setting up listener for community: 15
2025-06-24 10:00:22 [32minfo[39m: Setting up listener for community: 16
2025-06-24 10:00:22 [32minfo[39m: Setting up listener for community: 16
2025-06-24 10:00:22 [32minfo[39m: Setting up listener for community: 1
2025-06-24 10:00:22 [32minfo[39m: Setting up listener for community: 3
2025-06-24 10:00:22 [32minfo[39m: Setting up listener for community: 4
2025-06-24 10:00:22 [32minfo[39m: Setting up listener for community: 9
2025-06-24 10:00:22 [32minfo[39m: Setting up listener for community: 13
2025-06-24 10:00:22 [32minfo[39m: New message in community 13 from user 4
2025-06-24 10:00:22 [32minfo[39m: Setting up listener for community: 15
2025-06-24 10:00:22 [32minfo[39m: Setting up listener for community: 16
2025-06-24 10:00:22 [32minfo[39m: Chat listeners setup complete
2025-06-24 10:00:22 [32minfo[39m: Setting up listener for community: 1
2025-06-24 10:00:22 [32minfo[39m: Setting up listener for community: 3
2025-06-24 10:00:22 [32minfo[39m: Setting up listener for community: 4
2025-06-24 10:00:22 [32minfo[39m: Setting up listener for community: 9
2025-06-24 10:00:22 [32minfo[39m: Setting up listener for community: 13
2025-06-24 10:00:22 [32minfo[39m: New message in community 13 from user 4
2025-06-24 10:00:22 [32minfo[39m: Setting up listener for community: 15
2025-06-24 10:00:22 [32minfo[39m: Setting up listener for community: 16
2025-06-24 10:00:22 [32minfo[39m: Chat listeners setup complete
2025-06-24 10:00:25 [32minfo[39m: Setting up chat listeners...
2025-06-24 10:00:25 [32minfo[39m: Medication notification scheduler started
2025-06-24 10:00:25 [32minfo[39m: Setting up chat listeners...
2025-06-24 10:00:26 [32minfo[39m: Setting up listener for community: 1
2025-06-24 10:00:26 [32minfo[39m: Setting up listener for community: 1
2025-06-24 10:00:26 [32minfo[39m: Setting up listener for community: 3
2025-06-24 10:00:26 [32minfo[39m: Setting up listener for community: 3
2025-06-24 10:00:26 [32minfo[39m: Setting up listener for community: 4
2025-06-24 10:00:26 [32minfo[39m: Setting up listener for community: 4
2025-06-24 10:00:26 [32minfo[39m: Setting up listener for community: 9
2025-06-24 10:00:26 [32minfo[39m: Setting up listener for community: 9
2025-06-24 10:00:26 [32minfo[39m: Setting up listener for community: 13
2025-06-24 10:00:26 [32minfo[39m: New message in community 13 from user 4
2025-06-24 10:00:26 [32minfo[39m: Setting up listener for community: 13
2025-06-24 10:00:26 [32minfo[39m: New message in community 13 from user 4
2025-06-24 10:00:26 [32minfo[39m: Setting up listener for community: 15
2025-06-24 10:00:26 [32minfo[39m: Setting up listener for community: 15
2025-06-24 10:00:26 [32minfo[39m: Setting up listener for community: 16
2025-06-24 10:00:26 [32minfo[39m: Setting up listener for community: 16
2025-06-24 10:00:26 [32minfo[39m: Setting up listener for community: 1
2025-06-24 10:00:26 [32minfo[39m: Setting up listener for community: 3
2025-06-24 10:00:26 [32minfo[39m: Setting up listener for community: 4
2025-06-24 10:00:26 [32minfo[39m: Setting up listener for community: 9
2025-06-24 10:00:26 [32minfo[39m: Setting up listener for community: 13
2025-06-24 10:00:26 [32minfo[39m: New message in community 13 from user 4
2025-06-24 10:00:26 [32minfo[39m: Setting up listener for community: 15
2025-06-24 10:00:26 [32minfo[39m: Setting up listener for community: 16
2025-06-24 10:00:26 [32minfo[39m: Chat listeners setup complete
2025-06-24 10:00:26 [32minfo[39m: Setting up listener for community: 1
2025-06-24 10:00:26 [32minfo[39m: Setting up listener for community: 3
2025-06-24 10:00:26 [32minfo[39m: Setting up listener for community: 4
2025-06-24 10:00:26 [32minfo[39m: Setting up listener for community: 9
2025-06-24 10:00:26 [32minfo[39m: Setting up listener for community: 13
2025-06-24 10:00:26 [32minfo[39m: New message in community 13 from user 4
2025-06-24 10:00:26 [32minfo[39m: Setting up listener for community: 15
2025-06-24 10:00:26 [32minfo[39m: Setting up listener for community: 16
2025-06-24 10:00:26 [32minfo[39m: Chat listeners setup complete
2025-06-24 10:00:27 [33mwarn[39m: Community 13 not found in database
2025-06-24 10:00:27 [33mwarn[39m: Community 13 not found in database
2025-06-24 10:00:27 [33mwarn[39m: Community 13 not found in database
2025-06-24 10:00:27 [33mwarn[39m: Community 13 not found in database
2025-06-24 10:02:15 [32minfo[39m: Setting up chat listeners...
2025-06-24 10:02:15 [32minfo[39m: Medication notification scheduler started
2025-06-24 10:02:15 [32minfo[39m: Setting up chat listeners...
2025-06-24 10:02:16 [32minfo[39m: Setting up listener for community: 1
2025-06-24 10:02:16 [32minfo[39m: Setting up listener for community: 1
2025-06-24 10:02:16 [32minfo[39m: Setting up listener for community: 3
2025-06-24 10:02:16 [32minfo[39m: Setting up listener for community: 3
2025-06-24 10:02:16 [32minfo[39m: Setting up listener for community: 4
2025-06-24 10:02:16 [32minfo[39m: Setting up listener for community: 4
2025-06-24 10:02:16 [32minfo[39m: Setting up listener for community: 9
2025-06-24 10:02:16 [32minfo[39m: Setting up listener for community: 9
2025-06-24 10:02:16 [32minfo[39m: Setting up listener for community: 13
2025-06-24 10:02:16 [32minfo[39m: New message in community 13 from user 4
2025-06-24 10:02:16 [32minfo[39m: Setting up listener for community: 13
2025-06-24 10:02:16 [32minfo[39m: New message in community 13 from user 4
2025-06-24 10:02:16 [32minfo[39m: Setting up listener for community: 15
2025-06-24 10:02:16 [32minfo[39m: Setting up listener for community: 15
2025-06-24 10:02:16 [32minfo[39m: Setting up listener for community: 16
2025-06-24 10:02:16 [32minfo[39m: Setting up listener for community: 16
2025-06-24 10:02:16 [32minfo[39m: Setting up listener for community: 1
2025-06-24 10:02:16 [32minfo[39m: Setting up listener for community: 3
2025-06-24 10:02:16 [32minfo[39m: Setting up listener for community: 4
2025-06-24 10:02:16 [32minfo[39m: Setting up listener for community: 9
2025-06-24 10:02:16 [32minfo[39m: Setting up listener for community: 13
2025-06-24 10:02:16 [32minfo[39m: New message in community 13 from user 4
2025-06-24 10:02:16 [32minfo[39m: Setting up listener for community: 15
2025-06-24 10:02:16 [32minfo[39m: Setting up listener for community: 16
2025-06-24 10:02:16 [32minfo[39m: Chat listeners setup complete
2025-06-24 10:02:16 [32minfo[39m: Setting up listener for community: 1
2025-06-24 10:02:16 [32minfo[39m: Setting up listener for community: 3
2025-06-24 10:02:16 [32minfo[39m: Setting up listener for community: 4
2025-06-24 10:02:16 [32minfo[39m: Setting up listener for community: 9
2025-06-24 10:02:16 [32minfo[39m: Setting up listener for community: 13
2025-06-24 10:02:16 [32minfo[39m: New message in community 13 from user 4
2025-06-24 10:02:16 [32minfo[39m: Setting up listener for community: 15
2025-06-24 10:02:16 [32minfo[39m: Setting up listener for community: 16
2025-06-24 10:02:16 [32minfo[39m: Chat listeners setup complete
2025-06-24 10:02:17 [33mwarn[39m: Community 13 not found in database
2025-06-24 10:02:17 [33mwarn[39m: Community 13 not found in database
2025-06-24 10:02:17 [33mwarn[39m: Community 13 not found in database
2025-06-24 10:02:17 [33mwarn[39m: Community 13 not found in database
2025-06-24 10:02:21 [32minfo[39m: Setting up chat listeners...
2025-06-24 10:02:21 [32minfo[39m: Medication notification scheduler started
2025-06-24 10:02:21 [32minfo[39m: Setting up chat listeners...
2025-06-24 10:02:21 [32minfo[39m: Setting up listener for community: 1
2025-06-24 10:02:21 [32minfo[39m: Setting up listener for community: 1
2025-06-24 10:02:21 [32minfo[39m: Setting up listener for community: 3
2025-06-24 10:02:21 [32minfo[39m: Setting up listener for community: 3
2025-06-24 10:02:21 [32minfo[39m: Setting up listener for community: 4
2025-06-24 10:02:21 [32minfo[39m: Setting up listener for community: 4
2025-06-24 10:02:21 [32minfo[39m: Setting up listener for community: 9
2025-06-24 10:02:21 [32minfo[39m: Setting up listener for community: 9
2025-06-24 10:02:21 [32minfo[39m: Setting up listener for community: 13
2025-06-24 10:02:21 [32minfo[39m: New message in community 13 from user 4
2025-06-24 10:02:21 [32minfo[39m: Setting up listener for community: 13
2025-06-24 10:02:21 [32minfo[39m: New message in community 13 from user 4
2025-06-24 10:02:21 [32minfo[39m: Setting up listener for community: 15
2025-06-24 10:02:21 [32minfo[39m: Setting up listener for community: 15
2025-06-24 10:02:21 [32minfo[39m: Setting up listener for community: 16
2025-06-24 10:02:21 [32minfo[39m: Setting up listener for community: 16
2025-06-24 10:02:21 [32minfo[39m: Setting up listener for community: 1
2025-06-24 10:02:21 [32minfo[39m: Setting up listener for community: 3
2025-06-24 10:02:21 [32minfo[39m: Setting up listener for community: 4
2025-06-24 10:02:21 [32minfo[39m: Setting up listener for community: 9
2025-06-24 10:02:21 [32minfo[39m: Setting up listener for community: 13
2025-06-24 10:02:21 [32minfo[39m: New message in community 13 from user 4
2025-06-24 10:02:21 [32minfo[39m: Setting up listener for community: 15
2025-06-24 10:02:21 [32minfo[39m: Setting up listener for community: 16
2025-06-24 10:02:21 [32minfo[39m: Chat listeners setup complete
2025-06-24 10:02:21 [32minfo[39m: Setting up listener for community: 1
2025-06-24 10:02:21 [32minfo[39m: Setting up listener for community: 3
2025-06-24 10:02:21 [32minfo[39m: Setting up listener for community: 4
2025-06-24 10:02:21 [32minfo[39m: Setting up listener for community: 9
2025-06-24 10:02:21 [32minfo[39m: Setting up listener for community: 13
2025-06-24 10:02:21 [32minfo[39m: New message in community 13 from user 4
2025-06-24 10:02:21 [32minfo[39m: Setting up listener for community: 15
2025-06-24 10:02:21 [32minfo[39m: Setting up listener for community: 16
2025-06-24 10:02:21 [32minfo[39m: Chat listeners setup complete
2025-06-24 10:02:23 [33mwarn[39m: Community 13 not found in database
2025-06-24 10:02:23 [33mwarn[39m: Community 13 not found in database
2025-06-24 10:02:23 [33mwarn[39m: Community 13 not found in database
2025-06-24 10:02:23 [33mwarn[39m: Community 13 not found in database
2025-06-24 10:02:35 [32minfo[39m: Setting up chat listeners...
2025-06-24 10:02:35 [32minfo[39m: Medication notification scheduler started
2025-06-24 10:02:35 [32minfo[39m: Setting up chat listeners...
2025-06-24 10:02:36 [32minfo[39m: Setting up listener for community: 1
2025-06-24 10:02:36 [32minfo[39m: Setting up listener for community: 1
2025-06-24 10:02:36 [32minfo[39m: Setting up listener for community: 3
2025-06-24 10:02:36 [32minfo[39m: Setting up listener for community: 3
2025-06-24 10:02:36 [32minfo[39m: Setting up listener for community: 4
2025-06-24 10:02:36 [32minfo[39m: Setting up listener for community: 4
2025-06-24 10:02:36 [32minfo[39m: Setting up listener for community: 9
2025-06-24 10:02:36 [32minfo[39m: Setting up listener for community: 9
2025-06-24 10:02:36 [32minfo[39m: Setting up listener for community: 13
2025-06-24 10:02:36 [32minfo[39m: New message in community 13 from user 4
2025-06-24 10:02:36 [32minfo[39m: Setting up listener for community: 13
2025-06-24 10:02:36 [32minfo[39m: New message in community 13 from user 4
2025-06-24 10:02:36 [32minfo[39m: Setting up listener for community: 15
2025-06-24 10:02:36 [32minfo[39m: Setting up listener for community: 15
2025-06-24 10:02:36 [32minfo[39m: Setting up listener for community: 16
2025-06-24 10:02:36 [32minfo[39m: Setting up listener for community: 16
2025-06-24 10:02:36 [32minfo[39m: Setting up listener for community: 1
2025-06-24 10:02:36 [32minfo[39m: Setting up listener for community: 3
2025-06-24 10:02:36 [32minfo[39m: Setting up listener for community: 4
2025-06-24 10:02:36 [32minfo[39m: Setting up listener for community: 9
2025-06-24 10:02:36 [32minfo[39m: Setting up listener for community: 13
2025-06-24 10:02:36 [32minfo[39m: New message in community 13 from user 4
2025-06-24 10:02:36 [32minfo[39m: Setting up listener for community: 15
2025-06-24 10:02:36 [32minfo[39m: Setting up listener for community: 16
2025-06-24 10:02:36 [32minfo[39m: Chat listeners setup complete
2025-06-24 10:02:36 [32minfo[39m: Setting up listener for community: 1
2025-06-24 10:02:36 [32minfo[39m: Setting up listener for community: 3
2025-06-24 10:02:36 [32minfo[39m: Setting up listener for community: 4
2025-06-24 10:02:36 [32minfo[39m: Setting up listener for community: 9
2025-06-24 10:02:36 [32minfo[39m: Setting up listener for community: 13
2025-06-24 10:02:36 [32minfo[39m: New message in community 13 from user 4
2025-06-24 10:02:36 [32minfo[39m: Setting up listener for community: 15
2025-06-24 10:02:36 [32minfo[39m: Setting up listener for community: 16
2025-06-24 10:02:36 [32minfo[39m: Chat listeners setup complete
2025-06-24 10:02:37 [33mwarn[39m: Community 13 not found in database
2025-06-24 10:02:37 [33mwarn[39m: Community 13 not found in database
2025-06-24 10:02:37 [33mwarn[39m: Community 13 not found in database
2025-06-24 10:02:37 [33mwarn[39m: Community 13 not found in database
2025-06-24 10:03:03 [32minfo[39m: Setting up chat listeners...
2025-06-24 10:03:03 [32minfo[39m: Medication notification scheduler started
2025-06-24 10:03:03 [32minfo[39m: Setting up chat listeners...
2025-06-24 10:03:04 [32minfo[39m: Setting up listener for community: 1
2025-06-24 10:03:04 [32minfo[39m: Setting up listener for community: 1
2025-06-24 10:03:04 [32minfo[39m: Setting up listener for community: 3
2025-06-24 10:03:04 [32minfo[39m: Setting up listener for community: 3
2025-06-24 10:03:04 [32minfo[39m: Setting up listener for community: 4
2025-06-24 10:03:04 [32minfo[39m: Setting up listener for community: 4
2025-06-24 10:03:04 [32minfo[39m: Setting up listener for community: 9
2025-06-24 10:03:04 [32minfo[39m: Setting up listener for community: 9
2025-06-24 10:03:04 [32minfo[39m: Setting up listener for community: 13
2025-06-24 10:03:04 [32minfo[39m: New message in community 13 from user 4
2025-06-24 10:03:04 [32minfo[39m: Setting up listener for community: 13
2025-06-24 10:03:04 [32minfo[39m: New message in community 13 from user 4
2025-06-24 10:03:04 [32minfo[39m: Setting up listener for community: 15
2025-06-24 10:03:04 [32minfo[39m: Setting up listener for community: 15
2025-06-24 10:03:04 [32minfo[39m: Setting up listener for community: 16
2025-06-24 10:03:04 [32minfo[39m: Setting up listener for community: 16
2025-06-24 10:03:04 [32minfo[39m: Setting up listener for community: 1
2025-06-24 10:03:04 [32minfo[39m: Setting up listener for community: 3
2025-06-24 10:03:04 [32minfo[39m: Setting up listener for community: 4
2025-06-24 10:03:04 [32minfo[39m: Setting up listener for community: 9
2025-06-24 10:03:04 [32minfo[39m: Setting up listener for community: 13
2025-06-24 10:03:04 [32minfo[39m: New message in community 13 from user 4
2025-06-24 10:03:04 [32minfo[39m: Setting up listener for community: 15
2025-06-24 10:03:04 [32minfo[39m: Setting up listener for community: 16
2025-06-24 10:03:04 [32minfo[39m: Chat listeners setup complete
2025-06-24 10:03:04 [32minfo[39m: Setting up listener for community: 1
2025-06-24 10:03:04 [32minfo[39m: Setting up listener for community: 3
2025-06-24 10:03:04 [32minfo[39m: Setting up listener for community: 4
2025-06-24 10:03:04 [32minfo[39m: Setting up listener for community: 9
2025-06-24 10:03:04 [32minfo[39m: Setting up listener for community: 13
2025-06-24 10:03:04 [32minfo[39m: New message in community 13 from user 4
2025-06-24 10:03:04 [32minfo[39m: Setting up listener for community: 15
2025-06-24 10:03:04 [32minfo[39m: Setting up listener for community: 16
2025-06-24 10:03:04 [32minfo[39m: Chat listeners setup complete
2025-06-24 10:03:09 [32minfo[39m: Setting up chat listeners...
2025-06-24 10:03:09 [32minfo[39m: Medication notification scheduler started
2025-06-24 10:03:09 [32minfo[39m: Setting up chat listeners...
2025-06-24 10:03:11 [32minfo[39m: Setting up listener for community: 1
2025-06-24 10:03:11 [32minfo[39m: Setting up listener for community: 1
2025-06-24 10:03:11 [32minfo[39m: Setting up listener for community: 3
2025-06-24 10:03:11 [32minfo[39m: Setting up listener for community: 3
2025-06-24 10:03:11 [32minfo[39m: Setting up listener for community: 4
2025-06-24 10:03:11 [32minfo[39m: Setting up listener for community: 4
2025-06-24 10:03:11 [32minfo[39m: Setting up listener for community: 9
2025-06-24 10:03:11 [32minfo[39m: Setting up listener for community: 9
2025-06-24 10:03:11 [32minfo[39m: Setting up listener for community: 13
2025-06-24 10:03:11 [32minfo[39m: New message in community 13 from user 4
2025-06-24 10:03:11 [32minfo[39m: Setting up listener for community: 13
2025-06-24 10:03:11 [32minfo[39m: New message in community 13 from user 4
2025-06-24 10:03:11 [32minfo[39m: Setting up listener for community: 15
2025-06-24 10:03:11 [32minfo[39m: Setting up listener for community: 15
2025-06-24 10:03:11 [32minfo[39m: Setting up listener for community: 16
2025-06-24 10:03:11 [32minfo[39m: Setting up listener for community: 16
2025-06-24 10:03:11 [32minfo[39m: Setting up listener for community: 1
2025-06-24 10:03:11 [32minfo[39m: Setting up listener for community: 3
2025-06-24 10:03:11 [32minfo[39m: Setting up listener for community: 4
2025-06-24 10:03:11 [32minfo[39m: Setting up listener for community: 9
2025-06-24 10:03:11 [32minfo[39m: Setting up listener for community: 13
2025-06-24 10:03:11 [32minfo[39m: New message in community 13 from user 4
2025-06-24 10:03:11 [32minfo[39m: Setting up listener for community: 15
2025-06-24 10:03:11 [32minfo[39m: Setting up listener for community: 16
2025-06-24 10:03:11 [32minfo[39m: Chat listeners setup complete
2025-06-24 10:03:11 [32minfo[39m: Setting up listener for community: 1
2025-06-24 10:03:11 [32minfo[39m: Setting up listener for community: 3
2025-06-24 10:03:11 [32minfo[39m: Setting up listener for community: 4
2025-06-24 10:03:11 [32minfo[39m: Setting up listener for community: 9
2025-06-24 10:03:11 [32minfo[39m: Setting up listener for community: 13
2025-06-24 10:03:11 [32minfo[39m: New message in community 13 from user 4
2025-06-24 10:03:11 [32minfo[39m: Setting up listener for community: 15
2025-06-24 10:03:11 [32minfo[39m: Setting up listener for community: 16
2025-06-24 10:03:11 [32minfo[39m: Chat listeners setup complete
2025-06-24 10:03:12 [33mwarn[39m: Community 13 not found in database
2025-06-24 10:03:12 [33mwarn[39m: Community 13 not found in database
2025-06-24 10:03:12 [33mwarn[39m: Community 13 not found in database
2025-06-24 10:03:12 [33mwarn[39m: Community 13 not found in database
2025-06-24 10:03:23 [32minfo[39m: Setting up chat listeners...
2025-06-24 10:03:23 [32minfo[39m: Medication notification scheduler started
2025-06-24 10:03:23 [32minfo[39m: Setting up chat listeners...
2025-06-24 10:03:26 [32minfo[39m: Setting up chat listeners...
2025-06-24 10:03:26 [32minfo[39m: Medication notification scheduler started
2025-06-24 10:03:26 [32minfo[39m: Setting up chat listeners...
2025-06-24 10:03:27 [32minfo[39m: Setting up listener for community: 1
2025-06-24 10:03:27 [32minfo[39m: Setting up listener for community: 1
2025-06-24 10:03:27 [32minfo[39m: Setting up listener for community: 3
2025-06-24 10:03:27 [32minfo[39m: Setting up listener for community: 3
2025-06-24 10:03:27 [32minfo[39m: Setting up listener for community: 4
2025-06-24 10:03:27 [32minfo[39m: Setting up listener for community: 4
2025-06-24 10:03:27 [32minfo[39m: Setting up listener for community: 9
2025-06-24 10:03:27 [32minfo[39m: Setting up listener for community: 9
2025-06-24 10:03:27 [32minfo[39m: Setting up listener for community: 13
2025-06-24 10:03:27 [32minfo[39m: New message in community 13 from user 4
2025-06-24 10:03:27 [32minfo[39m: Setting up listener for community: 13
2025-06-24 10:03:27 [32minfo[39m: New message in community 13 from user 4
2025-06-24 10:03:27 [32minfo[39m: Setting up listener for community: 15
2025-06-24 10:03:27 [32minfo[39m: Setting up listener for community: 15
2025-06-24 10:03:27 [32minfo[39m: Setting up listener for community: 16
2025-06-24 10:03:27 [32minfo[39m: Setting up listener for community: 16
2025-06-24 10:03:27 [32minfo[39m: Setting up listener for community: 1
2025-06-24 10:03:27 [32minfo[39m: Setting up listener for community: 3
2025-06-24 10:03:27 [32minfo[39m: Setting up listener for community: 4
2025-06-24 10:03:27 [32minfo[39m: Setting up listener for community: 9
2025-06-24 10:03:27 [32minfo[39m: Setting up listener for community: 13
2025-06-24 10:03:27 [32minfo[39m: New message in community 13 from user 4
2025-06-24 10:03:27 [32minfo[39m: Setting up listener for community: 15
2025-06-24 10:03:27 [32minfo[39m: Setting up listener for community: 16
2025-06-24 10:03:27 [32minfo[39m: Chat listeners setup complete
2025-06-24 10:03:27 [32minfo[39m: Setting up listener for community: 1
2025-06-24 10:03:27 [32minfo[39m: Setting up listener for community: 3
2025-06-24 10:03:27 [32minfo[39m: Setting up listener for community: 4
2025-06-24 10:03:27 [32minfo[39m: Setting up listener for community: 9
2025-06-24 10:03:27 [32minfo[39m: Setting up listener for community: 13
2025-06-24 10:03:27 [32minfo[39m: New message in community 13 from user 4
2025-06-24 10:03:27 [32minfo[39m: Setting up listener for community: 15
2025-06-24 10:03:27 [32minfo[39m: Setting up listener for community: 16
2025-06-24 10:03:27 [32minfo[39m: Chat listeners setup complete
2025-06-24 10:03:28 [33mwarn[39m: Community 13 not found in database
2025-06-24 10:03:28 [33mwarn[39m: Community 13 not found in database
2025-06-24 10:03:28 [33mwarn[39m: Community 13 not found in database
2025-06-24 10:03:28 [33mwarn[39m: Community 13 not found in database
2025-06-24 10:03:33 [32minfo[39m: Setting up chat listeners...
2025-06-24 10:03:33 [32minfo[39m: Medication notification scheduler started
2025-06-24 10:03:33 [32minfo[39m: Setting up chat listeners...
2025-06-24 10:03:34 [32minfo[39m: Setting up listener for community: 1
2025-06-24 10:03:34 [32minfo[39m: Setting up listener for community: 1
2025-06-24 10:03:34 [32minfo[39m: Setting up listener for community: 3
2025-06-24 10:03:34 [32minfo[39m: Setting up listener for community: 3
2025-06-24 10:03:34 [32minfo[39m: Setting up listener for community: 4
2025-06-24 10:03:34 [32minfo[39m: Setting up listener for community: 4
2025-06-24 10:03:34 [32minfo[39m: Setting up listener for community: 9
2025-06-24 10:03:34 [32minfo[39m: Setting up listener for community: 9
2025-06-24 10:03:34 [32minfo[39m: Setting up listener for community: 13
2025-06-24 10:03:34 [32minfo[39m: New message in community 13 from user 4
2025-06-24 10:03:34 [32minfo[39m: Setting up listener for community: 13
2025-06-24 10:03:34 [32minfo[39m: New message in community 13 from user 4
2025-06-24 10:03:34 [32minfo[39m: Setting up listener for community: 15
2025-06-24 10:03:34 [32minfo[39m: Setting up listener for community: 15
2025-06-24 10:03:34 [32minfo[39m: Setting up listener for community: 16
2025-06-24 10:03:34 [32minfo[39m: Setting up listener for community: 16
2025-06-24 10:03:34 [32minfo[39m: Setting up listener for community: 1
2025-06-24 10:03:34 [32minfo[39m: Setting up listener for community: 3
2025-06-24 10:03:34 [32minfo[39m: Setting up listener for community: 4
2025-06-24 10:03:34 [32minfo[39m: Setting up listener for community: 9
2025-06-24 10:03:34 [32minfo[39m: Setting up listener for community: 13
2025-06-24 10:03:34 [32minfo[39m: New message in community 13 from user 4
2025-06-24 10:03:34 [32minfo[39m: Setting up listener for community: 15
2025-06-24 10:03:34 [32minfo[39m: Setting up listener for community: 16
2025-06-24 10:03:34 [32minfo[39m: Chat listeners setup complete
2025-06-24 10:03:34 [32minfo[39m: Setting up listener for community: 1
2025-06-24 10:03:34 [32minfo[39m: Setting up listener for community: 3
2025-06-24 10:03:34 [32minfo[39m: Setting up listener for community: 4
2025-06-24 10:03:34 [32minfo[39m: Setting up listener for community: 9
2025-06-24 10:03:34 [32minfo[39m: Setting up listener for community: 13
2025-06-24 10:03:34 [32minfo[39m: New message in community 13 from user 4
2025-06-24 10:03:34 [32minfo[39m: Setting up listener for community: 15
2025-06-24 10:03:34 [32minfo[39m: Setting up listener for community: 16
2025-06-24 10:03:34 [32minfo[39m: Chat listeners setup complete
2025-06-24 10:03:35 [33mwarn[39m: Community 13 not found in database
2025-06-24 10:03:35 [33mwarn[39m: Community 13 not found in database
2025-06-24 10:03:35 [33mwarn[39m: Community 13 not found in database
2025-06-24 10:03:35 [33mwarn[39m: Community 13 not found in database
2025-06-24 10:03:46 [32minfo[39m: Setting up chat listeners...
2025-06-24 10:03:46 [32minfo[39m: Medication notification scheduler started
2025-06-24 10:03:46 [32minfo[39m: Setting up chat listeners...
2025-06-24 10:03:47 [32minfo[39m: Setting up listener for community: 1
2025-06-24 10:03:47 [32minfo[39m: Setting up listener for community: 1
2025-06-24 10:03:47 [32minfo[39m: Setting up listener for community: 3
2025-06-24 10:03:47 [32minfo[39m: Setting up listener for community: 3
2025-06-24 10:03:47 [32minfo[39m: Setting up listener for community: 4
2025-06-24 10:03:47 [32minfo[39m: Setting up listener for community: 4
2025-06-24 10:03:47 [32minfo[39m: Setting up listener for community: 9
2025-06-24 10:03:47 [32minfo[39m: Setting up listener for community: 9
2025-06-24 10:03:47 [32minfo[39m: Setting up listener for community: 13
2025-06-24 10:03:47 [32minfo[39m: New message in community 13 from user 4
2025-06-24 10:03:47 [32minfo[39m: Setting up listener for community: 13
2025-06-24 10:03:47 [32minfo[39m: New message in community 13 from user 4
2025-06-24 10:03:47 [32minfo[39m: Setting up listener for community: 15
2025-06-24 10:03:47 [32minfo[39m: Setting up listener for community: 15
2025-06-24 10:03:47 [32minfo[39m: Setting up listener for community: 16
2025-06-24 10:03:47 [32minfo[39m: Setting up listener for community: 16
2025-06-24 10:03:47 [32minfo[39m: Setting up listener for community: 1
2025-06-24 10:03:47 [32minfo[39m: Setting up listener for community: 3
2025-06-24 10:03:47 [32minfo[39m: Setting up listener for community: 4
2025-06-24 10:03:47 [32minfo[39m: Setting up listener for community: 9
2025-06-24 10:03:47 [32minfo[39m: Setting up listener for community: 13
2025-06-24 10:03:47 [32minfo[39m: New message in community 13 from user 4
2025-06-24 10:03:47 [32minfo[39m: Setting up listener for community: 15
2025-06-24 10:03:47 [32minfo[39m: Setting up listener for community: 16
2025-06-24 10:03:47 [32minfo[39m: Chat listeners setup complete
2025-06-24 10:03:47 [32minfo[39m: Setting up listener for community: 1
2025-06-24 10:03:47 [32minfo[39m: Setting up listener for community: 3
2025-06-24 10:03:47 [32minfo[39m: Setting up listener for community: 4
2025-06-24 10:03:47 [32minfo[39m: Setting up listener for community: 9
2025-06-24 10:03:47 [32minfo[39m: Setting up listener for community: 13
2025-06-24 10:03:47 [32minfo[39m: New message in community 13 from user 4
2025-06-24 10:03:47 [32minfo[39m: Setting up listener for community: 15
2025-06-24 10:03:47 [32minfo[39m: Setting up listener for community: 16
2025-06-24 10:03:47 [32minfo[39m: Chat listeners setup complete
2025-06-24 10:03:48 [33mwarn[39m: Community 13 not found in database
2025-06-24 10:03:48 [33mwarn[39m: Community 13 not found in database
2025-06-24 10:03:48 [33mwarn[39m: Community 13 not found in database
2025-06-24 10:03:48 [33mwarn[39m: Community 13 not found in database
2025-06-24 10:04:01 [32minfo[39m: Setting up chat listeners...
2025-06-24 10:04:01 [32minfo[39m: Medication notification scheduler started
2025-06-24 10:04:01 [32minfo[39m: Setting up chat listeners...
2025-06-24 10:04:05 [32minfo[39m: Setting up chat listeners...
2025-06-24 10:04:05 [32minfo[39m: Medication notification scheduler started
2025-06-24 10:04:05 [32minfo[39m: Setting up chat listeners...
2025-06-24 10:04:06 [32minfo[39m: Setting up listener for community: 1
2025-06-24 10:04:06 [32minfo[39m: Setting up listener for community: 1
2025-06-24 10:04:06 [32minfo[39m: Setting up listener for community: 3
2025-06-24 10:04:06 [32minfo[39m: Setting up listener for community: 3
2025-06-24 10:04:06 [32minfo[39m: Setting up listener for community: 4
2025-06-24 10:04:06 [32minfo[39m: Setting up listener for community: 4
2025-06-24 10:04:06 [32minfo[39m: Setting up listener for community: 9
2025-06-24 10:04:06 [32minfo[39m: Setting up listener for community: 9
2025-06-24 10:04:06 [32minfo[39m: Setting up listener for community: 13
2025-06-24 10:04:06 [32minfo[39m: New message in community 13 from user 4
2025-06-24 10:04:06 [32minfo[39m: Setting up listener for community: 13
2025-06-24 10:04:06 [32minfo[39m: New message in community 13 from user 4
2025-06-24 10:04:06 [32minfo[39m: Setting up listener for community: 15
2025-06-24 10:04:06 [32minfo[39m: Setting up listener for community: 15
2025-06-24 10:04:06 [32minfo[39m: Setting up listener for community: 16
2025-06-24 10:04:06 [32minfo[39m: Setting up listener for community: 16
2025-06-24 10:04:06 [32minfo[39m: Setting up listener for community: 1
2025-06-24 10:04:06 [32minfo[39m: Setting up listener for community: 3
2025-06-24 10:04:06 [32minfo[39m: Setting up listener for community: 4
2025-06-24 10:04:06 [32minfo[39m: Setting up listener for community: 9
2025-06-24 10:04:06 [32minfo[39m: Setting up listener for community: 13
2025-06-24 10:04:06 [32minfo[39m: New message in community 13 from user 4
2025-06-24 10:04:06 [32minfo[39m: Setting up listener for community: 15
2025-06-24 10:04:06 [32minfo[39m: Setting up listener for community: 16
2025-06-24 10:04:06 [32minfo[39m: Chat listeners setup complete
2025-06-24 10:04:06 [32minfo[39m: Setting up listener for community: 1
2025-06-24 10:04:06 [32minfo[39m: Setting up listener for community: 3
2025-06-24 10:04:06 [32minfo[39m: Setting up listener for community: 4
2025-06-24 10:04:06 [32minfo[39m: Setting up listener for community: 9
2025-06-24 10:04:06 [32minfo[39m: Setting up listener for community: 13
2025-06-24 10:04:06 [32minfo[39m: New message in community 13 from user 4
2025-06-24 10:04:06 [32minfo[39m: Setting up listener for community: 15
2025-06-24 10:04:06 [32minfo[39m: Setting up listener for community: 16
2025-06-24 10:04:06 [32minfo[39m: Chat listeners setup complete
2025-06-24 10:04:07 [33mwarn[39m: Community 13 not found in database
2025-06-24 10:04:07 [33mwarn[39m: Community 13 not found in database
2025-06-24 10:04:07 [33mwarn[39m: Community 13 not found in database
2025-06-24 10:04:07 [33mwarn[39m: Community 13 not found in database
2025-06-24 10:04:12 [32minfo[39m: Setting up chat listeners...
2025-06-24 10:04:12 [32minfo[39m: Medication notification scheduler started
2025-06-24 10:04:12 [32minfo[39m: Setting up chat listeners...
2025-06-24 10:04:13 [32minfo[39m: Setting up listener for community: 1
2025-06-24 10:04:13 [32minfo[39m: Setting up listener for community: 1
2025-06-24 10:04:13 [32minfo[39m: Setting up listener for community: 3
2025-06-24 10:04:13 [32minfo[39m: Setting up listener for community: 3
2025-06-24 10:04:13 [32minfo[39m: Setting up listener for community: 4
2025-06-24 10:04:13 [32minfo[39m: Setting up listener for community: 4
2025-06-24 10:04:13 [32minfo[39m: Setting up listener for community: 9
2025-06-24 10:04:13 [32minfo[39m: Setting up listener for community: 9
2025-06-24 10:04:13 [32minfo[39m: Setting up listener for community: 13
2025-06-24 10:04:13 [32minfo[39m: New message in community 13 from user 4
2025-06-24 10:04:13 [32minfo[39m: Setting up listener for community: 13
2025-06-24 10:04:13 [32minfo[39m: New message in community 13 from user 4
2025-06-24 10:04:13 [32minfo[39m: Setting up listener for community: 15
2025-06-24 10:04:13 [32minfo[39m: Setting up listener for community: 15
2025-06-24 10:04:13 [32minfo[39m: Setting up listener for community: 16
2025-06-24 10:04:13 [32minfo[39m: Setting up listener for community: 16
2025-06-24 10:04:13 [32minfo[39m: Setting up listener for community: 1
2025-06-24 10:04:13 [32minfo[39m: Setting up listener for community: 3
2025-06-24 10:04:13 [32minfo[39m: Setting up listener for community: 4
2025-06-24 10:04:13 [32minfo[39m: Setting up listener for community: 9
2025-06-24 10:04:13 [32minfo[39m: Setting up listener for community: 13
2025-06-24 10:04:13 [32minfo[39m: New message in community 13 from user 4
2025-06-24 10:04:13 [32minfo[39m: Setting up listener for community: 15
2025-06-24 10:04:13 [32minfo[39m: Setting up listener for community: 16
2025-06-24 10:04:13 [32minfo[39m: Chat listeners setup complete
2025-06-24 10:04:13 [32minfo[39m: Setting up listener for community: 1
2025-06-24 10:04:13 [32minfo[39m: Setting up listener for community: 3
2025-06-24 10:04:13 [32minfo[39m: Setting up listener for community: 4
2025-06-24 10:04:13 [32minfo[39m: Setting up listener for community: 9
2025-06-24 10:04:13 [32minfo[39m: Setting up listener for community: 13
2025-06-24 10:04:13 [32minfo[39m: New message in community 13 from user 4
2025-06-24 10:04:13 [32minfo[39m: Setting up listener for community: 15
2025-06-24 10:04:13 [32minfo[39m: Setting up listener for community: 16
2025-06-24 10:04:13 [32minfo[39m: Chat listeners setup complete
2025-06-24 10:04:14 [33mwarn[39m: Community 13 not found in database
2025-06-24 10:04:14 [33mwarn[39m: Community 13 not found in database
2025-06-24 10:04:14 [33mwarn[39m: Community 13 not found in database
2025-06-24 10:04:14 [33mwarn[39m: Community 13 not found in database
2025-06-24 10:04:20 [32minfo[39m: Setting up chat listeners...
2025-06-24 10:04:20 [32minfo[39m: Medication notification scheduler started
2025-06-24 10:04:20 [32minfo[39m: Setting up chat listeners...
2025-06-24 10:04:22 [32minfo[39m: Setting up listener for community: 1
2025-06-24 10:04:22 [32minfo[39m: Setting up listener for community: 1
2025-06-24 10:04:22 [32minfo[39m: Setting up listener for community: 3
2025-06-24 10:04:22 [32minfo[39m: Setting up listener for community: 3
2025-06-24 10:04:22 [32minfo[39m: Setting up listener for community: 4
2025-06-24 10:04:22 [32minfo[39m: Setting up listener for community: 4
2025-06-24 10:04:22 [32minfo[39m: Setting up listener for community: 9
2025-06-24 10:04:22 [32minfo[39m: Setting up listener for community: 9
2025-06-24 10:04:22 [32minfo[39m: Setting up listener for community: 13
2025-06-24 10:04:22 [32minfo[39m: New message in community 13 from user 4
2025-06-24 10:04:22 [32minfo[39m: Setting up listener for community: 13
2025-06-24 10:04:22 [32minfo[39m: New message in community 13 from user 4
2025-06-24 10:04:22 [32minfo[39m: Setting up listener for community: 15
2025-06-24 10:04:22 [32minfo[39m: Setting up listener for community: 15
2025-06-24 10:04:22 [32minfo[39m: Setting up listener for community: 16
2025-06-24 10:04:22 [32minfo[39m: Setting up listener for community: 16
2025-06-24 10:04:22 [32minfo[39m: Setting up listener for community: 1
2025-06-24 10:04:22 [32minfo[39m: Setting up listener for community: 3
2025-06-24 10:04:22 [32minfo[39m: Setting up listener for community: 4
2025-06-24 10:04:22 [32minfo[39m: Setting up listener for community: 9
2025-06-24 10:04:22 [32minfo[39m: Setting up listener for community: 13
2025-06-24 10:04:22 [32minfo[39m: New message in community 13 from user 4
2025-06-24 10:04:22 [32minfo[39m: Setting up listener for community: 15
2025-06-24 10:04:22 [32minfo[39m: Setting up listener for community: 16
2025-06-24 10:04:22 [32minfo[39m: Chat listeners setup complete
2025-06-24 10:04:22 [32minfo[39m: Setting up listener for community: 1
2025-06-24 10:04:22 [32minfo[39m: Setting up listener for community: 3
2025-06-24 10:04:22 [32minfo[39m: Setting up listener for community: 4
2025-06-24 10:04:22 [32minfo[39m: Setting up listener for community: 9
2025-06-24 10:04:22 [32minfo[39m: Setting up listener for community: 13
2025-06-24 10:04:22 [32minfo[39m: New message in community 13 from user 4
2025-06-24 10:04:22 [32minfo[39m: Setting up listener for community: 15
2025-06-24 10:04:22 [32minfo[39m: Setting up listener for community: 16
2025-06-24 10:04:22 [32minfo[39m: Chat listeners setup complete
2025-06-24 10:04:23 [33mwarn[39m: Community 13 not found in database
2025-06-24 10:04:23 [33mwarn[39m: Community 13 not found in database
2025-06-24 10:04:23 [33mwarn[39m: Community 13 not found in database
2025-06-24 10:04:23 [33mwarn[39m: Community 13 not found in database
2025-06-24 10:04:26 [32minfo[39m: Setting up chat listeners...
2025-06-24 10:04:26 [32minfo[39m: Medication notification scheduler started
2025-06-24 10:04:26 [32minfo[39m: Setting up chat listeners...
2025-06-24 10:04:27 [32minfo[39m: Setting up listener for community: 1
2025-06-24 10:04:27 [32minfo[39m: Setting up listener for community: 1
2025-06-24 10:04:27 [32minfo[39m: Setting up listener for community: 3
2025-06-24 10:04:27 [32minfo[39m: Setting up listener for community: 3
2025-06-24 10:04:27 [32minfo[39m: Setting up listener for community: 4
2025-06-24 10:04:27 [32minfo[39m: Setting up listener for community: 4
2025-06-24 10:04:27 [32minfo[39m: Setting up listener for community: 9
2025-06-24 10:04:27 [32minfo[39m: Setting up listener for community: 9
2025-06-24 10:04:27 [32minfo[39m: Setting up listener for community: 13
2025-06-24 10:04:27 [32minfo[39m: New message in community 13 from user 4
2025-06-24 10:04:27 [32minfo[39m: Setting up listener for community: 13
2025-06-24 10:04:27 [32minfo[39m: New message in community 13 from user 4
2025-06-24 10:04:27 [32minfo[39m: Setting up listener for community: 15
2025-06-24 10:04:27 [32minfo[39m: Setting up listener for community: 15
2025-06-24 10:04:27 [32minfo[39m: Setting up listener for community: 16
2025-06-24 10:04:27 [32minfo[39m: Setting up listener for community: 16
2025-06-24 10:04:27 [32minfo[39m: Setting up listener for community: 1
2025-06-24 10:04:27 [32minfo[39m: Setting up listener for community: 3
2025-06-24 10:04:27 [32minfo[39m: Setting up listener for community: 4
2025-06-24 10:04:27 [32minfo[39m: Setting up listener for community: 9
2025-06-24 10:04:27 [32minfo[39m: Setting up listener for community: 13
2025-06-24 10:04:27 [32minfo[39m: New message in community 13 from user 4
2025-06-24 10:04:27 [32minfo[39m: Setting up listener for community: 15
2025-06-24 10:04:27 [32minfo[39m: Setting up listener for community: 16
2025-06-24 10:04:27 [32minfo[39m: Chat listeners setup complete
2025-06-24 10:04:27 [32minfo[39m: Setting up listener for community: 1
2025-06-24 10:04:27 [32minfo[39m: Setting up listener for community: 3
2025-06-24 10:04:27 [32minfo[39m: Setting up listener for community: 4
2025-06-24 10:04:27 [32minfo[39m: Setting up listener for community: 9
2025-06-24 10:04:27 [32minfo[39m: Setting up listener for community: 13
2025-06-24 10:04:27 [32minfo[39m: New message in community 13 from user 4
2025-06-24 10:04:27 [32minfo[39m: Setting up listener for community: 15
2025-06-24 10:04:27 [32minfo[39m: Setting up listener for community: 16
2025-06-24 10:04:27 [32minfo[39m: Chat listeners setup complete
2025-06-24 10:04:28 [33mwarn[39m: Community 13 not found in database
2025-06-24 10:04:28 [33mwarn[39m: Community 13 not found in database
2025-06-24 10:04:35 [32minfo[39m: Setting up chat listeners...
2025-06-24 10:04:35 [32minfo[39m: Medication notification scheduler started
2025-06-24 10:04:35 [32minfo[39m: Setting up chat listeners...
2025-06-24 10:04:35 [32minfo[39m: Setting up listener for community: 1
2025-06-24 10:04:35 [32minfo[39m: Setting up listener for community: 1
2025-06-24 10:04:35 [32minfo[39m: Setting up listener for community: 3
2025-06-24 10:04:35 [32minfo[39m: Setting up listener for community: 3
2025-06-24 10:04:35 [32minfo[39m: Setting up listener for community: 4
2025-06-24 10:04:35 [32minfo[39m: Setting up listener for community: 4
2025-06-24 10:04:35 [32minfo[39m: Setting up listener for community: 9
2025-06-24 10:04:35 [32minfo[39m: Setting up listener for community: 9
2025-06-24 10:04:35 [32minfo[39m: Setting up listener for community: 13
2025-06-24 10:04:35 [32minfo[39m: New message in community 13 from user 4
2025-06-24 10:04:35 [32minfo[39m: Setting up listener for community: 13
2025-06-24 10:04:35 [32minfo[39m: New message in community 13 from user 4
2025-06-24 10:04:35 [32minfo[39m: Setting up listener for community: 15
2025-06-24 10:04:35 [32minfo[39m: Setting up listener for community: 15
2025-06-24 10:04:35 [32minfo[39m: Setting up listener for community: 16
2025-06-24 10:04:35 [32minfo[39m: Setting up listener for community: 16
2025-06-24 10:04:35 [32minfo[39m: Setting up listener for community: 1
2025-06-24 10:04:35 [32minfo[39m: Setting up listener for community: 3
2025-06-24 10:04:35 [32minfo[39m: Setting up listener for community: 4
2025-06-24 10:04:35 [32minfo[39m: Setting up listener for community: 9
2025-06-24 10:04:35 [32minfo[39m: Setting up listener for community: 13
2025-06-24 10:04:35 [32minfo[39m: New message in community 13 from user 4
2025-06-24 10:04:35 [32minfo[39m: Setting up listener for community: 15
2025-06-24 10:04:35 [32minfo[39m: Setting up listener for community: 16
2025-06-24 10:04:35 [32minfo[39m: Chat listeners setup complete
2025-06-24 10:04:35 [32minfo[39m: Setting up listener for community: 1
2025-06-24 10:04:35 [32minfo[39m: Setting up listener for community: 3
2025-06-24 10:04:35 [32minfo[39m: Setting up listener for community: 4
2025-06-24 10:04:35 [32minfo[39m: Setting up listener for community: 9
2025-06-24 10:04:35 [32minfo[39m: Setting up listener for community: 13
2025-06-24 10:04:35 [32minfo[39m: New message in community 13 from user 4
2025-06-24 10:04:35 [32minfo[39m: Setting up listener for community: 15
2025-06-24 10:04:35 [32minfo[39m: Setting up listener for community: 16
2025-06-24 10:04:35 [32minfo[39m: Chat listeners setup complete
2025-06-24 10:04:37 [33mwarn[39m: Community 13 not found in database
2025-06-24 10:04:37 [33mwarn[39m: Community 13 not found in database
2025-06-24 10:04:37 [33mwarn[39m: Community 13 not found in database
2025-06-24 10:04:37 [33mwarn[39m: Community 13 not found in database
2025-06-24 10:04:51 [32minfo[39m: Setting up chat listeners...
2025-06-24 10:04:51 [32minfo[39m: Medication notification scheduler started
2025-06-24 10:04:51 [32minfo[39m: Setting up chat listeners...
2025-06-24 10:04:52 [32minfo[39m: Setting up listener for community: 1
2025-06-24 10:04:52 [32minfo[39m: Setting up listener for community: 1
2025-06-24 10:04:52 [32minfo[39m: Setting up listener for community: 3
2025-06-24 10:04:52 [32minfo[39m: Setting up listener for community: 3
2025-06-24 10:04:52 [32minfo[39m: Setting up listener for community: 4
2025-06-24 10:04:52 [32minfo[39m: Setting up listener for community: 4
2025-06-24 10:04:52 [32minfo[39m: Setting up listener for community: 9
2025-06-24 10:04:52 [32minfo[39m: Setting up listener for community: 9
2025-06-24 10:04:52 [32minfo[39m: Setting up listener for community: 13
2025-06-24 10:04:52 [32minfo[39m: New message in community 13 from user 4
2025-06-24 10:04:52 [32minfo[39m: Setting up listener for community: 13
2025-06-24 10:04:52 [32minfo[39m: New message in community 13 from user 4
2025-06-24 10:04:52 [32minfo[39m: Setting up listener for community: 15
2025-06-24 10:04:52 [32minfo[39m: Setting up listener for community: 15
2025-06-24 10:04:52 [32minfo[39m: Setting up listener for community: 16
2025-06-24 10:04:52 [32minfo[39m: Setting up listener for community: 16
2025-06-24 10:04:52 [32minfo[39m: Setting up listener for community: 1
2025-06-24 10:04:52 [32minfo[39m: Setting up listener for community: 3
2025-06-24 10:04:52 [32minfo[39m: Setting up listener for community: 4
2025-06-24 10:04:52 [32minfo[39m: Setting up listener for community: 9
2025-06-24 10:04:52 [32minfo[39m: Setting up listener for community: 13
2025-06-24 10:04:52 [32minfo[39m: New message in community 13 from user 4
2025-06-24 10:04:52 [32minfo[39m: Setting up listener for community: 15
2025-06-24 10:04:52 [32minfo[39m: Setting up listener for community: 16
2025-06-24 10:04:52 [32minfo[39m: Chat listeners setup complete
2025-06-24 10:04:52 [32minfo[39m: Setting up listener for community: 1
2025-06-24 10:04:52 [32minfo[39m: Setting up listener for community: 3
2025-06-24 10:04:52 [32minfo[39m: Setting up listener for community: 4
2025-06-24 10:04:52 [32minfo[39m: Setting up listener for community: 9
2025-06-24 10:04:52 [32minfo[39m: Setting up listener for community: 13
2025-06-24 10:04:52 [32minfo[39m: New message in community 13 from user 4
2025-06-24 10:04:52 [32minfo[39m: Setting up listener for community: 15
2025-06-24 10:04:52 [32minfo[39m: Setting up listener for community: 16
2025-06-24 10:04:52 [32minfo[39m: Chat listeners setup complete
2025-06-24 10:04:53 [33mwarn[39m: Community 13 not found in database
2025-06-24 10:04:53 [33mwarn[39m: Community 13 not found in database
2025-06-24 10:04:53 [33mwarn[39m: Community 13 not found in database
2025-06-24 10:04:53 [33mwarn[39m: Community 13 not found in database
2025-06-24 10:37:35 [32minfo[39m: Setting up chat listeners...
2025-06-24 10:37:36 [32minfo[39m: Medication notification scheduler started
2025-06-24 10:37:36 [32minfo[39m: Setting up chat listeners...
2025-06-24 10:37:37 [32minfo[39m: Setting up listener for community: 1
2025-06-24 10:37:37 [32minfo[39m: Setting up listener for community: 1
2025-06-24 10:37:37 [32minfo[39m: Setting up listener for community: 3
2025-06-24 10:37:37 [32minfo[39m: Setting up listener for community: 3
2025-06-24 10:37:37 [32minfo[39m: Setting up listener for community: 4
2025-06-24 10:37:37 [32minfo[39m: Setting up listener for community: 4
2025-06-24 10:37:37 [32minfo[39m: Setting up listener for community: 9
2025-06-24 10:37:37 [32minfo[39m: Setting up listener for community: 9
2025-06-24 10:37:37 [32minfo[39m: Setting up listener for community: 13
2025-06-24 10:37:37 [32minfo[39m: New message in community 13 from user 4
2025-06-24 10:37:37 [32minfo[39m: Setting up listener for community: 13
2025-06-24 10:37:37 [32minfo[39m: New message in community 13 from user 4
2025-06-24 10:37:37 [32minfo[39m: Setting up listener for community: 15
2025-06-24 10:37:37 [32minfo[39m: Setting up listener for community: 15
2025-06-24 10:37:37 [32minfo[39m: Setting up listener for community: 16
2025-06-24 10:37:37 [32minfo[39m: Setting up listener for community: 16
2025-06-24 10:37:37 [32minfo[39m: Setting up listener for community: 1
2025-06-24 10:37:37 [32minfo[39m: Setting up listener for community: 3
2025-06-24 10:37:37 [32minfo[39m: Setting up listener for community: 4
2025-06-24 10:37:37 [32minfo[39m: Setting up listener for community: 9
2025-06-24 10:37:37 [32minfo[39m: Setting up listener for community: 13
2025-06-24 10:37:37 [32minfo[39m: New message in community 13 from user 4
2025-06-24 10:37:37 [32minfo[39m: Setting up listener for community: 15
2025-06-24 10:37:37 [32minfo[39m: Setting up listener for community: 16
2025-06-24 10:37:37 [32minfo[39m: Chat listeners setup complete
2025-06-24 10:37:37 [32minfo[39m: Setting up listener for community: 1
2025-06-24 10:37:37 [32minfo[39m: Setting up listener for community: 3
2025-06-24 10:37:37 [32minfo[39m: Setting up listener for community: 4
2025-06-24 10:37:37 [32minfo[39m: Setting up listener for community: 9
2025-06-24 10:37:37 [32minfo[39m: Setting up listener for community: 13
2025-06-24 10:37:37 [32minfo[39m: New message in community 13 from user 4
2025-06-24 10:37:37 [32minfo[39m: Setting up listener for community: 15
2025-06-24 10:37:37 [32minfo[39m: Setting up listener for community: 16
2025-06-24 10:37:37 [32minfo[39m: Chat listeners setup complete
2025-06-24 10:37:38 [33mwarn[39m: Community 13 not found in database
2025-06-24 10:37:38 [33mwarn[39m: Community 13 not found in database
2025-06-24 10:37:38 [33mwarn[39m: Community 13 not found in database
2025-06-24 10:37:38 [33mwarn[39m: Community 13 not found in database
2025-06-24 10:38:51 [32minfo[39m: Setting up chat listeners...
2025-06-24 10:38:51 [32minfo[39m: Medication notification scheduler started
2025-06-24 10:38:51 [32minfo[39m: Setting up chat listeners...
2025-06-24 10:38:52 [32minfo[39m: Setting up listener for community: 1
2025-06-24 10:38:52 [32minfo[39m: Setting up listener for community: 1
2025-06-24 10:38:52 [32minfo[39m: Setting up listener for community: 3
2025-06-24 10:38:52 [32minfo[39m: Setting up listener for community: 3
2025-06-24 10:38:52 [32minfo[39m: Setting up listener for community: 4
2025-06-24 10:38:52 [32minfo[39m: Setting up listener for community: 4
2025-06-24 10:38:52 [32minfo[39m: Setting up listener for community: 9
2025-06-24 10:38:52 [32minfo[39m: Setting up listener for community: 9
2025-06-24 10:38:52 [32minfo[39m: Setting up listener for community: 13
2025-06-24 10:38:52 [32minfo[39m: New message in community 13 from user 4
2025-06-24 10:38:52 [32minfo[39m: Setting up listener for community: 13
2025-06-24 10:38:52 [32minfo[39m: New message in community 13 from user 4
2025-06-24 10:38:52 [32minfo[39m: Setting up listener for community: 15
2025-06-24 10:38:52 [32minfo[39m: Setting up listener for community: 15
2025-06-24 10:38:52 [32minfo[39m: Setting up listener for community: 16
2025-06-24 10:38:52 [32minfo[39m: Setting up listener for community: 16
2025-06-24 10:38:52 [32minfo[39m: Setting up listener for community: 1
2025-06-24 10:38:52 [32minfo[39m: Setting up listener for community: 3
2025-06-24 10:38:52 [32minfo[39m: Setting up listener for community: 4
2025-06-24 10:38:52 [32minfo[39m: Setting up listener for community: 9
2025-06-24 10:38:52 [32minfo[39m: Setting up listener for community: 13
2025-06-24 10:38:52 [32minfo[39m: New message in community 13 from user 4
2025-06-24 10:38:52 [32minfo[39m: Setting up listener for community: 15
2025-06-24 10:38:52 [32minfo[39m: Setting up listener for community: 16
2025-06-24 10:38:52 [32minfo[39m: Chat listeners setup complete
2025-06-24 10:38:52 [32minfo[39m: Setting up listener for community: 1
2025-06-24 10:38:52 [32minfo[39m: Setting up listener for community: 3
2025-06-24 10:38:52 [32minfo[39m: Setting up listener for community: 4
2025-06-24 10:38:52 [32minfo[39m: Setting up listener for community: 9
2025-06-24 10:38:52 [32minfo[39m: Setting up listener for community: 13
2025-06-24 10:38:52 [32minfo[39m: New message in community 13 from user 4
2025-06-24 10:38:52 [32minfo[39m: Setting up listener for community: 15
2025-06-24 10:38:52 [32minfo[39m: Setting up listener for community: 16
2025-06-24 10:38:52 [32minfo[39m: Chat listeners setup complete
2025-06-24 10:38:53 [33mwarn[39m: Community 13 not found in database
2025-06-24 10:38:53 [33mwarn[39m: Community 13 not found in database
2025-06-24 10:38:53 [33mwarn[39m: Community 13 not found in database
2025-06-24 10:38:53 [33mwarn[39m: Community 13 not found in database
2025-06-24 10:39:33 [32minfo[39m: Setting up chat listeners...
2025-06-24 10:39:33 [32minfo[39m: Medication notification scheduler started
2025-06-24 10:39:33 [32minfo[39m: Setting up chat listeners...
2025-06-24 10:39:33 [32minfo[39m: Setting up listener for community: 1
2025-06-24 10:39:33 [32minfo[39m: Setting up listener for community: 1
2025-06-24 10:39:33 [32minfo[39m: Setting up listener for community: 3
2025-06-24 10:39:33 [32minfo[39m: Setting up listener for community: 3
2025-06-24 10:39:33 [32minfo[39m: Setting up listener for community: 4
2025-06-24 10:39:33 [32minfo[39m: Setting up listener for community: 4
2025-06-24 10:39:33 [32minfo[39m: Setting up listener for community: 9
2025-06-24 10:39:33 [32minfo[39m: Setting up listener for community: 9
2025-06-24 10:39:34 [32minfo[39m: Setting up listener for community: 13
2025-06-24 10:39:34 [32minfo[39m: New message in community 13 from user 4
2025-06-24 10:39:34 [32minfo[39m: Setting up listener for community: 13
2025-06-24 10:39:34 [32minfo[39m: New message in community 13 from user 4
2025-06-24 10:39:34 [32minfo[39m: Setting up listener for community: 15
2025-06-24 10:39:34 [32minfo[39m: Setting up listener for community: 15
2025-06-24 10:39:34 [32minfo[39m: Setting up listener for community: 16
2025-06-24 10:39:34 [32minfo[39m: Setting up listener for community: 16
2025-06-24 10:39:34 [32minfo[39m: Setting up listener for community: 1
2025-06-24 10:39:34 [32minfo[39m: Setting up listener for community: 3
2025-06-24 10:39:34 [32minfo[39m: Setting up listener for community: 4
2025-06-24 10:39:34 [32minfo[39m: Setting up listener for community: 9
2025-06-24 10:39:34 [32minfo[39m: Setting up listener for community: 13
2025-06-24 10:39:34 [32minfo[39m: New message in community 13 from user 4
2025-06-24 10:39:34 [32minfo[39m: Setting up listener for community: 15
2025-06-24 10:39:34 [32minfo[39m: Setting up listener for community: 16
2025-06-24 10:39:34 [32minfo[39m: Chat listeners setup complete
2025-06-24 10:39:34 [32minfo[39m: Setting up listener for community: 1
2025-06-24 10:39:34 [32minfo[39m: Setting up listener for community: 3
2025-06-24 10:39:34 [32minfo[39m: Setting up listener for community: 4
2025-06-24 10:39:34 [32minfo[39m: Setting up listener for community: 9
2025-06-24 10:39:34 [32minfo[39m: Setting up listener for community: 13
2025-06-24 10:39:34 [32minfo[39m: New message in community 13 from user 4
2025-06-24 10:39:34 [32minfo[39m: Setting up listener for community: 15
2025-06-24 10:39:34 [32minfo[39m: Setting up listener for community: 16
2025-06-24 10:39:34 [32minfo[39m: Chat listeners setup complete
2025-06-24 10:39:35 [33mwarn[39m: Community 13 not found in database
2025-06-24 10:39:35 [33mwarn[39m: Community 13 not found in database
2025-06-24 10:39:35 [33mwarn[39m: Community 13 not found in database
2025-06-24 10:39:35 [33mwarn[39m: Community 13 not found in database
2025-06-24 10:39:45 [32minfo[39m: Setting up chat listeners...
2025-06-24 10:39:45 [32minfo[39m: Medication notification scheduler started
2025-06-24 10:39:45 [32minfo[39m: Setting up chat listeners...
2025-06-24 10:39:46 [32minfo[39m: Setting up listener for community: 1
2025-06-24 10:39:46 [32minfo[39m: Setting up listener for community: 1
2025-06-24 10:39:46 [32minfo[39m: Setting up listener for community: 3
2025-06-24 10:39:46 [32minfo[39m: Setting up listener for community: 3
2025-06-24 10:39:46 [32minfo[39m: Setting up listener for community: 4
2025-06-24 10:39:46 [32minfo[39m: Setting up listener for community: 4
2025-06-24 10:39:46 [32minfo[39m: Setting up listener for community: 9
2025-06-24 10:39:46 [32minfo[39m: Setting up listener for community: 9
2025-06-24 10:39:46 [32minfo[39m: Setting up listener for community: 13
2025-06-24 10:39:46 [32minfo[39m: New message in community 13 from user 4
2025-06-24 10:39:46 [32minfo[39m: Setting up listener for community: 13
2025-06-24 10:39:46 [32minfo[39m: New message in community 13 from user 4
2025-06-24 10:39:46 [32minfo[39m: Setting up listener for community: 15
2025-06-24 10:39:46 [32minfo[39m: Setting up listener for community: 15
2025-06-24 10:39:46 [32minfo[39m: Setting up listener for community: 16
2025-06-24 10:39:46 [32minfo[39m: Setting up listener for community: 16
2025-06-24 10:39:46 [32minfo[39m: Setting up listener for community: 1
2025-06-24 10:39:46 [32minfo[39m: Setting up listener for community: 3
2025-06-24 10:39:46 [32minfo[39m: Setting up listener for community: 4
2025-06-24 10:39:46 [32minfo[39m: Setting up listener for community: 9
2025-06-24 10:39:46 [32minfo[39m: Setting up listener for community: 13
2025-06-24 10:39:46 [32minfo[39m: New message in community 13 from user 4
2025-06-24 10:39:46 [32minfo[39m: Setting up listener for community: 15
2025-06-24 10:39:46 [32minfo[39m: Setting up listener for community: 16
2025-06-24 10:39:46 [32minfo[39m: Chat listeners setup complete
2025-06-24 10:39:46 [32minfo[39m: Setting up listener for community: 1
2025-06-24 10:39:46 [32minfo[39m: Setting up listener for community: 3
2025-06-24 10:39:46 [32minfo[39m: Setting up listener for community: 4
2025-06-24 10:39:46 [32minfo[39m: Setting up listener for community: 9
2025-06-24 10:39:46 [32minfo[39m: Setting up listener for community: 13
2025-06-24 10:39:46 [32minfo[39m: New message in community 13 from user 4
2025-06-24 10:39:46 [32minfo[39m: Setting up listener for community: 15
2025-06-24 10:39:46 [32minfo[39m: Setting up listener for community: 16
2025-06-24 10:39:46 [32minfo[39m: Chat listeners setup complete
2025-06-24 10:39:47 [33mwarn[39m: Community 13 not found in database
2025-06-24 10:39:47 [33mwarn[39m: Community 13 not found in database
2025-06-24 10:39:47 [33mwarn[39m: Community 13 not found in database
2025-06-24 10:39:47 [33mwarn[39m: Community 13 not found in database
2025-06-24 10:40:04 [32minfo[39m: Setting up chat listeners...
2025-06-24 10:40:04 [32minfo[39m: Medication notification scheduler started
2025-06-24 10:40:04 [32minfo[39m: Setting up chat listeners...
2025-06-24 10:40:05 [32minfo[39m: Setting up listener for community: 1
2025-06-24 10:40:05 [32minfo[39m: Setting up listener for community: 1
2025-06-24 10:40:05 [32minfo[39m: Setting up listener for community: 3
2025-06-24 10:40:05 [32minfo[39m: Setting up listener for community: 3
2025-06-24 10:40:05 [32minfo[39m: Setting up listener for community: 4
2025-06-24 10:40:05 [32minfo[39m: Setting up listener for community: 4
2025-06-24 10:40:05 [32minfo[39m: Setting up listener for community: 9
2025-06-24 10:40:05 [32minfo[39m: Setting up listener for community: 9
2025-06-24 10:40:05 [32minfo[39m: Setting up listener for community: 13
2025-06-24 10:40:05 [32minfo[39m: New message in community 13 from user 4
2025-06-24 10:40:05 [32minfo[39m: Setting up listener for community: 13
2025-06-24 10:40:05 [32minfo[39m: New message in community 13 from user 4
2025-06-24 10:40:05 [32minfo[39m: Setting up listener for community: 15
2025-06-24 10:40:05 [32minfo[39m: Setting up listener for community: 15
2025-06-24 10:40:05 [32minfo[39m: Setting up listener for community: 16
2025-06-24 10:40:05 [32minfo[39m: Setting up listener for community: 16
2025-06-24 10:40:05 [32minfo[39m: Setting up listener for community: 1
2025-06-24 10:40:05 [32minfo[39m: Setting up listener for community: 3
2025-06-24 10:40:05 [32minfo[39m: Setting up listener for community: 4
2025-06-24 10:40:05 [32minfo[39m: Setting up listener for community: 9
2025-06-24 10:40:05 [32minfo[39m: Setting up listener for community: 13
2025-06-24 10:40:05 [32minfo[39m: New message in community 13 from user 4
2025-06-24 10:40:05 [32minfo[39m: Setting up listener for community: 15
2025-06-24 10:40:05 [32minfo[39m: Setting up listener for community: 16
2025-06-24 10:40:05 [32minfo[39m: Chat listeners setup complete
2025-06-24 10:40:05 [32minfo[39m: Setting up listener for community: 1
2025-06-24 10:40:05 [32minfo[39m: Setting up listener for community: 3
2025-06-24 10:40:05 [32minfo[39m: Setting up listener for community: 4
2025-06-24 10:40:05 [32minfo[39m: Setting up listener for community: 9
2025-06-24 10:40:05 [32minfo[39m: Setting up listener for community: 13
2025-06-24 10:40:05 [32minfo[39m: New message in community 13 from user 4
2025-06-24 10:40:05 [32minfo[39m: Setting up listener for community: 15
2025-06-24 10:40:05 [32minfo[39m: Setting up listener for community: 16
2025-06-24 10:40:05 [32minfo[39m: Chat listeners setup complete
2025-06-24 10:40:06 [33mwarn[39m: Community 13 not found in database
2025-06-24 10:40:06 [33mwarn[39m: Community 13 not found in database
2025-06-24 10:40:06 [33mwarn[39m: Community 13 not found in database
2025-06-24 10:40:06 [33mwarn[39m: Community 13 not found in database
2025-06-24 10:40:14 [32minfo[39m: Setting up chat listeners...
2025-06-24 10:40:14 [32minfo[39m: Medication notification scheduler started
2025-06-24 10:40:14 [32minfo[39m: Setting up chat listeners...
2025-06-24 10:40:20 [32minfo[39m: Setting up chat listeners...
2025-06-24 10:40:21 [32minfo[39m: Medication notification scheduler started
2025-06-24 10:40:21 [32minfo[39m: Setting up chat listeners...
2025-06-24 10:40:24 [32minfo[39m: Setting up chat listeners...
2025-06-24 10:40:24 [32minfo[39m: Medication notification scheduler started
2025-06-24 10:40:24 [32minfo[39m: Setting up chat listeners...
2025-06-24 10:40:25 [32minfo[39m: Setting up listener for community: 1
2025-06-24 10:40:25 [32minfo[39m: Setting up listener for community: 1
2025-06-24 10:40:25 [32minfo[39m: Setting up listener for community: 3
2025-06-24 10:40:25 [32minfo[39m: Setting up listener for community: 3
2025-06-24 10:40:25 [32minfo[39m: Setting up listener for community: 4
2025-06-24 10:40:25 [32minfo[39m: Setting up listener for community: 4
2025-06-24 10:40:25 [32minfo[39m: Setting up listener for community: 9
2025-06-24 10:40:25 [32minfo[39m: Setting up listener for community: 9
2025-06-24 10:40:25 [32minfo[39m: Setting up listener for community: 13
2025-06-24 10:40:25 [32minfo[39m: New message in community 13 from user 4
2025-06-24 10:40:25 [32minfo[39m: Setting up listener for community: 13
2025-06-24 10:40:25 [32minfo[39m: New message in community 13 from user 4
2025-06-24 10:40:25 [32minfo[39m: Setting up listener for community: 15
2025-06-24 10:40:25 [32minfo[39m: Setting up listener for community: 15
2025-06-24 10:40:25 [32minfo[39m: Setting up listener for community: 16
2025-06-24 10:40:25 [32minfo[39m: Setting up listener for community: 16
2025-06-24 10:40:25 [32minfo[39m: Setting up listener for community: 1
2025-06-24 10:40:25 [32minfo[39m: Setting up listener for community: 3
2025-06-24 10:40:25 [32minfo[39m: Setting up listener for community: 4
2025-06-24 10:40:25 [32minfo[39m: Setting up listener for community: 9
2025-06-24 10:40:25 [32minfo[39m: Setting up listener for community: 13
2025-06-24 10:40:25 [32minfo[39m: New message in community 13 from user 4
2025-06-24 10:40:25 [32minfo[39m: Setting up listener for community: 15
2025-06-24 10:40:25 [32minfo[39m: Setting up listener for community: 16
2025-06-24 10:40:25 [32minfo[39m: Chat listeners setup complete
2025-06-24 10:40:25 [32minfo[39m: Setting up listener for community: 1
2025-06-24 10:40:25 [32minfo[39m: Setting up listener for community: 3
2025-06-24 10:40:25 [32minfo[39m: Setting up listener for community: 4
2025-06-24 10:40:25 [32minfo[39m: Setting up listener for community: 9
2025-06-24 10:40:25 [32minfo[39m: Setting up listener for community: 13
2025-06-24 10:40:25 [32minfo[39m: New message in community 13 from user 4
2025-06-24 10:40:25 [32minfo[39m: Setting up listener for community: 15
2025-06-24 10:40:25 [32minfo[39m: Setting up listener for community: 16
2025-06-24 10:40:25 [32minfo[39m: Chat listeners setup complete
2025-06-24 10:40:26 [33mwarn[39m: Community 13 not found in database
2025-06-24 10:40:26 [33mwarn[39m: Community 13 not found in database
2025-06-24 10:40:26 [33mwarn[39m: Community 13 not found in database
2025-06-24 10:40:26 [33mwarn[39m: Community 13 not found in database
2025-06-24 10:40:29 [32minfo[39m: Setting up chat listeners...
2025-06-24 10:40:29 [32minfo[39m: Medication notification scheduler started
2025-06-24 10:40:29 [32minfo[39m: Setting up chat listeners...
2025-06-24 10:40:30 [32minfo[39m: Setting up listener for community: 1
2025-06-24 10:40:30 [32minfo[39m: Setting up listener for community: 1
2025-06-24 10:40:30 [32minfo[39m: Setting up listener for community: 3
2025-06-24 10:40:30 [32minfo[39m: Setting up listener for community: 3
2025-06-24 10:40:30 [32minfo[39m: Setting up listener for community: 4
2025-06-24 10:40:30 [32minfo[39m: Setting up listener for community: 4
2025-06-24 10:40:30 [32minfo[39m: Setting up listener for community: 9
2025-06-24 10:40:30 [32minfo[39m: Setting up listener for community: 9
2025-06-24 10:40:30 [32minfo[39m: Setting up listener for community: 13
2025-06-24 10:40:30 [32minfo[39m: New message in community 13 from user 4
2025-06-24 10:40:30 [32minfo[39m: Setting up listener for community: 13
2025-06-24 10:40:30 [32minfo[39m: New message in community 13 from user 4
2025-06-24 10:40:30 [32minfo[39m: Setting up listener for community: 15
2025-06-24 10:40:30 [32minfo[39m: Setting up listener for community: 15
2025-06-24 10:40:30 [32minfo[39m: Setting up listener for community: 16
2025-06-24 10:40:30 [32minfo[39m: Setting up listener for community: 16
2025-06-24 10:40:30 [32minfo[39m: Setting up listener for community: 1
2025-06-24 10:40:30 [32minfo[39m: Setting up listener for community: 3
2025-06-24 10:40:30 [32minfo[39m: Setting up listener for community: 4
2025-06-24 10:40:30 [32minfo[39m: Setting up listener for community: 9
2025-06-24 10:40:30 [32minfo[39m: Setting up listener for community: 13
2025-06-24 10:40:30 [32minfo[39m: New message in community 13 from user 4
2025-06-24 10:40:30 [32minfo[39m: Setting up listener for community: 15
2025-06-24 10:40:30 [32minfo[39m: Setting up listener for community: 16
2025-06-24 10:40:30 [32minfo[39m: Chat listeners setup complete
2025-06-24 10:40:30 [32minfo[39m: Setting up listener for community: 1
2025-06-24 10:40:30 [32minfo[39m: Setting up listener for community: 3
2025-06-24 10:40:30 [32minfo[39m: Setting up listener for community: 4
2025-06-24 10:40:30 [32minfo[39m: Setting up listener for community: 9
2025-06-24 10:40:30 [32minfo[39m: Setting up listener for community: 13
2025-06-24 10:40:30 [32minfo[39m: New message in community 13 from user 4
2025-06-24 10:40:30 [32minfo[39m: Setting up listener for community: 15
2025-06-24 10:40:30 [32minfo[39m: Setting up listener for community: 16
2025-06-24 10:40:30 [32minfo[39m: Chat listeners setup complete
2025-06-24 10:40:32 [33mwarn[39m: Community 13 not found in database
2025-06-24 10:40:32 [33mwarn[39m: Community 13 not found in database
2025-06-24 10:40:32 [33mwarn[39m: Community 13 not found in database
2025-06-24 10:40:32 [33mwarn[39m: Community 13 not found in database
2025-06-24 10:42:41 [32minfo[39m: Setting up chat listeners...
2025-06-24 10:42:41 [32minfo[39m: Medication notification scheduler started
2025-06-24 10:42:41 [32minfo[39m: Setting up chat listeners...
2025-06-24 10:42:42 [32minfo[39m: Setting up listener for community: 1
2025-06-24 10:42:42 [32minfo[39m: Setting up listener for community: 1
2025-06-24 10:42:42 [32minfo[39m: Setting up listener for community: 3
2025-06-24 10:42:42 [32minfo[39m: Setting up listener for community: 3
2025-06-24 10:42:42 [32minfo[39m: Setting up listener for community: 4
2025-06-24 10:42:42 [32minfo[39m: Setting up listener for community: 4
2025-06-24 10:42:42 [32minfo[39m: Setting up listener for community: 9
2025-06-24 10:42:42 [32minfo[39m: Setting up listener for community: 9
2025-06-24 10:42:42 [32minfo[39m: Setting up listener for community: 13
2025-06-24 10:42:42 [32minfo[39m: New message in community 13 from user 4
2025-06-24 10:42:42 [32minfo[39m: Setting up listener for community: 13
2025-06-24 10:42:42 [32minfo[39m: New message in community 13 from user 4
2025-06-24 10:42:42 [32minfo[39m: Setting up listener for community: 15
2025-06-24 10:42:42 [32minfo[39m: Setting up listener for community: 15
2025-06-24 10:42:42 [32minfo[39m: Setting up listener for community: 16
2025-06-24 10:42:42 [32minfo[39m: Setting up listener for community: 16
2025-06-24 10:42:42 [32minfo[39m: Setting up listener for community: 1
2025-06-24 10:42:42 [32minfo[39m: Setting up listener for community: 3
2025-06-24 10:42:42 [32minfo[39m: Setting up listener for community: 4
2025-06-24 10:42:42 [32minfo[39m: Setting up listener for community: 9
2025-06-24 10:42:42 [32minfo[39m: Setting up listener for community: 13
2025-06-24 10:42:42 [32minfo[39m: New message in community 13 from user 4
2025-06-24 10:42:42 [32minfo[39m: Setting up listener for community: 15
2025-06-24 10:42:42 [32minfo[39m: Setting up listener for community: 16
2025-06-24 10:42:42 [32minfo[39m: Chat listeners setup complete
2025-06-24 10:42:42 [32minfo[39m: Setting up listener for community: 1
2025-06-24 10:42:42 [32minfo[39m: Setting up listener for community: 3
2025-06-24 10:42:42 [32minfo[39m: Setting up listener for community: 4
2025-06-24 10:42:42 [32minfo[39m: Setting up listener for community: 9
2025-06-24 10:42:42 [32minfo[39m: Setting up listener for community: 13
2025-06-24 10:42:42 [32minfo[39m: New message in community 13 from user 4
2025-06-24 10:42:42 [32minfo[39m: Setting up listener for community: 15
2025-06-24 10:42:42 [32minfo[39m: Setting up listener for community: 16
2025-06-24 10:42:42 [32minfo[39m: Chat listeners setup complete
2025-06-24 10:42:43 [33mwarn[39m: Community 13 not found in database
2025-06-24 10:42:43 [33mwarn[39m: Community 13 not found in database
2025-06-24 10:42:43 [33mwarn[39m: Community 13 not found in database
2025-06-24 10:42:43 [33mwarn[39m: Community 13 not found in database
2025-06-24 10:43:01 [32minfo[39m: Setting up chat listeners...
2025-06-24 10:43:01 [32minfo[39m: Medication notification scheduler started
2025-06-24 10:43:01 [32minfo[39m: Setting up chat listeners...
2025-06-24 10:43:02 [32minfo[39m: Setting up listener for community: 1
2025-06-24 10:43:02 [32minfo[39m: Setting up listener for community: 1
2025-06-24 10:43:02 [32minfo[39m: Setting up listener for community: 3
2025-06-24 10:43:02 [32minfo[39m: Setting up listener for community: 3
2025-06-24 10:43:02 [32minfo[39m: Setting up listener for community: 4
2025-06-24 10:43:02 [32minfo[39m: Setting up listener for community: 4
2025-06-24 10:43:02 [32minfo[39m: Setting up listener for community: 9
2025-06-24 10:43:02 [32minfo[39m: Setting up listener for community: 9
2025-06-24 10:43:02 [32minfo[39m: Setting up listener for community: 13
2025-06-24 10:43:02 [32minfo[39m: New message in community 13 from user 4
2025-06-24 10:43:02 [32minfo[39m: Setting up listener for community: 13
2025-06-24 10:43:02 [32minfo[39m: New message in community 13 from user 4
2025-06-24 10:43:02 [32minfo[39m: Setting up listener for community: 15
2025-06-24 10:43:02 [32minfo[39m: Setting up listener for community: 15
2025-06-24 10:43:02 [32minfo[39m: Setting up listener for community: 16
2025-06-24 10:43:02 [32minfo[39m: Setting up listener for community: 16
2025-06-24 10:43:02 [32minfo[39m: Setting up listener for community: 1
2025-06-24 10:43:02 [32minfo[39m: Setting up listener for community: 3
2025-06-24 10:43:02 [32minfo[39m: Setting up listener for community: 4
2025-06-24 10:43:02 [32minfo[39m: Setting up listener for community: 9
2025-06-24 10:43:02 [32minfo[39m: Setting up listener for community: 13
2025-06-24 10:43:02 [32minfo[39m: New message in community 13 from user 4
2025-06-24 10:43:02 [32minfo[39m: Setting up listener for community: 15
2025-06-24 10:43:02 [32minfo[39m: Setting up listener for community: 16
2025-06-24 10:43:02 [32minfo[39m: Chat listeners setup complete
2025-06-24 10:43:02 [32minfo[39m: Setting up listener for community: 1
2025-06-24 10:43:02 [32minfo[39m: Setting up listener for community: 3
2025-06-24 10:43:02 [32minfo[39m: Setting up listener for community: 4
2025-06-24 10:43:02 [32minfo[39m: Setting up listener for community: 9
2025-06-24 10:43:02 [32minfo[39m: Setting up listener for community: 13
2025-06-24 10:43:02 [32minfo[39m: New message in community 13 from user 4
2025-06-24 10:43:02 [32minfo[39m: Setting up listener for community: 15
2025-06-24 10:43:02 [32minfo[39m: Setting up listener for community: 16
2025-06-24 10:43:02 [32minfo[39m: Chat listeners setup complete
2025-06-24 10:43:04 [33mwarn[39m: Community 13 not found in database
2025-06-24 10:43:04 [33mwarn[39m: Community 13 not found in database
2025-06-24 10:43:04 [33mwarn[39m: Community 13 not found in database
2025-06-24 10:43:04 [33mwarn[39m: Community 13 not found in database
2025-06-24 10:43:10 [32minfo[39m: Setting up chat listeners...
2025-06-24 10:43:10 [32minfo[39m: Medication notification scheduler started
2025-06-24 10:43:10 [32minfo[39m: Setting up chat listeners...
2025-06-24 10:43:11 [32minfo[39m: Setting up listener for community: 1
2025-06-24 10:43:11 [32minfo[39m: Setting up listener for community: 1
2025-06-24 10:43:11 [32minfo[39m: Setting up listener for community: 3
2025-06-24 10:43:11 [32minfo[39m: Setting up listener for community: 3
2025-06-24 10:43:11 [32minfo[39m: Setting up listener for community: 4
2025-06-24 10:43:11 [32minfo[39m: Setting up listener for community: 4
2025-06-24 10:43:11 [32minfo[39m: Setting up listener for community: 9
2025-06-24 10:43:11 [32minfo[39m: Setting up listener for community: 9
2025-06-24 10:43:11 [32minfo[39m: Setting up listener for community: 13
2025-06-24 10:43:11 [32minfo[39m: New message in community 13 from user 4
2025-06-24 10:43:11 [32minfo[39m: Setting up listener for community: 13
2025-06-24 10:43:11 [32minfo[39m: New message in community 13 from user 4
2025-06-24 10:43:11 [32minfo[39m: Setting up listener for community: 15
2025-06-24 10:43:11 [32minfo[39m: Setting up listener for community: 15
2025-06-24 10:43:11 [32minfo[39m: Setting up listener for community: 16
2025-06-24 10:43:11 [32minfo[39m: Setting up listener for community: 16
2025-06-24 10:43:11 [32minfo[39m: Setting up listener for community: 1
2025-06-24 10:43:11 [32minfo[39m: Setting up listener for community: 3
2025-06-24 10:43:11 [32minfo[39m: Setting up listener for community: 4
2025-06-24 10:43:11 [32minfo[39m: Setting up listener for community: 9
2025-06-24 10:43:11 [32minfo[39m: Setting up listener for community: 13
2025-06-24 10:43:11 [32minfo[39m: New message in community 13 from user 4
2025-06-24 10:43:11 [32minfo[39m: Setting up listener for community: 15
2025-06-24 10:43:11 [32minfo[39m: Setting up listener for community: 16
2025-06-24 10:43:11 [32minfo[39m: Chat listeners setup complete
2025-06-24 10:43:11 [32minfo[39m: Setting up listener for community: 1
2025-06-24 10:43:11 [32minfo[39m: Setting up listener for community: 3
2025-06-24 10:43:11 [32minfo[39m: Setting up listener for community: 4
2025-06-24 10:43:11 [32minfo[39m: Setting up listener for community: 9
2025-06-24 10:43:11 [32minfo[39m: Setting up listener for community: 13
2025-06-24 10:43:11 [32minfo[39m: New message in community 13 from user 4
2025-06-24 10:43:11 [32minfo[39m: Setting up listener for community: 15
2025-06-24 10:43:11 [32minfo[39m: Setting up listener for community: 16
2025-06-24 10:43:11 [32minfo[39m: Chat listeners setup complete
2025-06-24 10:43:13 [32minfo[39m: Setting up chat listeners...
2025-06-24 10:43:13 [32minfo[39m: Medication notification scheduler started
2025-06-24 10:43:13 [32minfo[39m: Setting up chat listeners...
2025-06-24 10:43:14 [32minfo[39m: Setting up listener for community: 1
2025-06-24 10:43:14 [32minfo[39m: Setting up listener for community: 1
2025-06-24 10:43:14 [32minfo[39m: Setting up listener for community: 3
2025-06-24 10:43:14 [32minfo[39m: Setting up listener for community: 3
2025-06-24 10:43:14 [32minfo[39m: Setting up listener for community: 4
2025-06-24 10:43:14 [32minfo[39m: Setting up listener for community: 4
2025-06-24 10:43:14 [32minfo[39m: Setting up listener for community: 9
2025-06-24 10:43:14 [32minfo[39m: Setting up listener for community: 9
2025-06-24 10:43:14 [32minfo[39m: Setting up listener for community: 13
2025-06-24 10:43:14 [32minfo[39m: New message in community 13 from user 4
2025-06-24 10:43:14 [32minfo[39m: Setting up listener for community: 13
2025-06-24 10:43:14 [32minfo[39m: New message in community 13 from user 4
2025-06-24 10:43:14 [32minfo[39m: Setting up listener for community: 15
2025-06-24 10:43:14 [32minfo[39m: Setting up listener for community: 15
2025-06-24 10:43:14 [32minfo[39m: Setting up listener for community: 16
2025-06-24 10:43:14 [32minfo[39m: Setting up listener for community: 16
2025-06-24 10:43:14 [32minfo[39m: Setting up listener for community: 1
2025-06-24 10:43:14 [32minfo[39m: Setting up listener for community: 3
2025-06-24 10:43:14 [32minfo[39m: Setting up listener for community: 4
2025-06-24 10:43:14 [32minfo[39m: Setting up listener for community: 9
2025-06-24 10:43:14 [32minfo[39m: Setting up listener for community: 13
2025-06-24 10:43:14 [32minfo[39m: New message in community 13 from user 4
2025-06-24 10:43:14 [32minfo[39m: Setting up listener for community: 15
2025-06-24 10:43:14 [32minfo[39m: Setting up listener for community: 16
2025-06-24 10:43:14 [32minfo[39m: Chat listeners setup complete
2025-06-24 10:43:14 [32minfo[39m: Setting up listener for community: 1
2025-06-24 10:43:14 [32minfo[39m: Setting up listener for community: 3
2025-06-24 10:43:14 [32minfo[39m: Setting up listener for community: 4
2025-06-24 10:43:14 [32minfo[39m: Setting up listener for community: 9
2025-06-24 10:43:14 [32minfo[39m: Setting up listener for community: 13
2025-06-24 10:43:14 [32minfo[39m: New message in community 13 from user 4
2025-06-24 10:43:14 [32minfo[39m: Setting up listener for community: 15
2025-06-24 10:43:14 [32minfo[39m: Setting up listener for community: 16
2025-06-24 10:43:14 [32minfo[39m: Chat listeners setup complete
2025-06-24 10:43:16 [33mwarn[39m: Community 13 not found in database
2025-06-24 10:43:16 [33mwarn[39m: Community 13 not found in database
2025-06-24 10:43:16 [33mwarn[39m: Community 13 not found in database
2025-06-24 10:43:16 [33mwarn[39m: Community 13 not found in database
2025-06-24 10:43:24 [32minfo[39m: Setting up chat listeners...
2025-06-24 10:43:24 [32minfo[39m: Medication notification scheduler started
2025-06-24 10:43:24 [32minfo[39m: Setting up chat listeners...
2025-06-24 10:43:26 [32minfo[39m: Setting up listener for community: 1
2025-06-24 10:43:26 [32minfo[39m: Setting up listener for community: 1
2025-06-24 10:43:26 [32minfo[39m: Setting up listener for community: 3
2025-06-24 10:43:26 [32minfo[39m: Setting up listener for community: 3
2025-06-24 10:43:26 [32minfo[39m: Setting up listener for community: 4
2025-06-24 10:43:26 [32minfo[39m: Setting up listener for community: 4
2025-06-24 10:43:26 [32minfo[39m: Setting up listener for community: 9
2025-06-24 10:43:26 [32minfo[39m: Setting up listener for community: 9
2025-06-24 10:43:26 [32minfo[39m: Setting up listener for community: 13
2025-06-24 10:43:26 [32minfo[39m: New message in community 13 from user 4
2025-06-24 10:43:26 [32minfo[39m: Setting up listener for community: 13
2025-06-24 10:43:26 [32minfo[39m: New message in community 13 from user 4
2025-06-24 10:43:26 [32minfo[39m: Setting up listener for community: 15
2025-06-24 10:43:26 [32minfo[39m: Setting up listener for community: 15
2025-06-24 10:43:26 [32minfo[39m: Setting up listener for community: 16
2025-06-24 10:43:26 [32minfo[39m: Setting up listener for community: 16
2025-06-24 10:43:26 [32minfo[39m: Setting up listener for community: 1
2025-06-24 10:43:26 [32minfo[39m: Setting up listener for community: 3
2025-06-24 10:43:26 [32minfo[39m: Setting up listener for community: 4
2025-06-24 10:43:26 [32minfo[39m: Setting up listener for community: 9
2025-06-24 10:43:26 [32minfo[39m: Setting up listener for community: 13
2025-06-24 10:43:26 [32minfo[39m: New message in community 13 from user 4
2025-06-24 10:43:26 [32minfo[39m: Setting up listener for community: 15
2025-06-24 10:43:26 [32minfo[39m: Setting up listener for community: 16
2025-06-24 10:43:26 [32minfo[39m: Chat listeners setup complete
2025-06-24 10:43:26 [32minfo[39m: Setting up listener for community: 1
2025-06-24 10:43:26 [32minfo[39m: Setting up listener for community: 3
2025-06-24 10:43:26 [32minfo[39m: Setting up listener for community: 4
2025-06-24 10:43:26 [32minfo[39m: Setting up listener for community: 9
2025-06-24 10:43:26 [32minfo[39m: Setting up listener for community: 13
2025-06-24 10:43:26 [32minfo[39m: New message in community 13 from user 4
2025-06-24 10:43:26 [32minfo[39m: Setting up listener for community: 15
2025-06-24 10:43:26 [32minfo[39m: Setting up listener for community: 16
2025-06-24 10:43:26 [32minfo[39m: Chat listeners setup complete
2025-06-24 10:43:31 [32minfo[39m: Setting up chat listeners...
2025-06-24 10:43:31 [32minfo[39m: Medication notification scheduler started
2025-06-24 10:43:31 [32minfo[39m: Setting up chat listeners...
2025-06-24 10:43:32 [32minfo[39m: Setting up listener for community: 1
2025-06-24 10:43:32 [32minfo[39m: Setting up listener for community: 1
2025-06-24 10:43:32 [32minfo[39m: Setting up listener for community: 3
2025-06-24 10:43:32 [32minfo[39m: Setting up listener for community: 3
2025-06-24 10:43:32 [32minfo[39m: Setting up listener for community: 4
2025-06-24 10:43:32 [32minfo[39m: Setting up listener for community: 4
2025-06-24 10:43:32 [32minfo[39m: Setting up listener for community: 9
2025-06-24 10:43:32 [32minfo[39m: Setting up listener for community: 9
2025-06-24 10:43:32 [32minfo[39m: Setting up listener for community: 13
2025-06-24 10:43:32 [32minfo[39m: New message in community 13 from user 4
2025-06-24 10:43:32 [32minfo[39m: Setting up listener for community: 13
2025-06-24 10:43:32 [32minfo[39m: New message in community 13 from user 4
2025-06-24 10:43:32 [32minfo[39m: Setting up listener for community: 15
2025-06-24 10:43:32 [32minfo[39m: Setting up listener for community: 15
2025-06-24 10:43:32 [32minfo[39m: Setting up listener for community: 16
2025-06-24 10:43:32 [32minfo[39m: Setting up listener for community: 16
2025-06-24 10:43:32 [32minfo[39m: Setting up listener for community: 1
2025-06-24 10:43:32 [32minfo[39m: Setting up listener for community: 3
2025-06-24 10:43:32 [32minfo[39m: Setting up listener for community: 4
2025-06-24 10:43:32 [32minfo[39m: Setting up listener for community: 9
2025-06-24 10:43:32 [32minfo[39m: Setting up listener for community: 13
2025-06-24 10:43:32 [32minfo[39m: New message in community 13 from user 4
2025-06-24 10:43:32 [32minfo[39m: Setting up listener for community: 15
2025-06-24 10:43:32 [32minfo[39m: Setting up listener for community: 16
2025-06-24 10:43:32 [32minfo[39m: Chat listeners setup complete
2025-06-24 10:43:32 [32minfo[39m: Setting up listener for community: 1
2025-06-24 10:43:32 [32minfo[39m: Setting up listener for community: 3
2025-06-24 10:43:32 [32minfo[39m: Setting up listener for community: 4
2025-06-24 10:43:32 [32minfo[39m: Setting up listener for community: 9
2025-06-24 10:43:32 [32minfo[39m: Setting up listener for community: 13
2025-06-24 10:43:32 [32minfo[39m: New message in community 13 from user 4
2025-06-24 10:43:32 [32minfo[39m: Setting up listener for community: 15
2025-06-24 10:43:32 [32minfo[39m: Setting up listener for community: 16
2025-06-24 10:43:32 [32minfo[39m: Chat listeners setup complete
2025-06-24 10:43:33 [33mwarn[39m: Community 13 not found in database
2025-06-24 10:43:33 [33mwarn[39m: Community 13 not found in database
2025-06-24 10:43:33 [33mwarn[39m: Community 13 not found in database
2025-06-24 10:43:33 [33mwarn[39m: Community 13 not found in database
2025-06-24 10:44:52 [32minfo[39m: Setting up chat listeners...
2025-06-24 10:44:52 [32minfo[39m: Medication notification scheduler started
2025-06-24 10:44:52 [32minfo[39m: Setting up chat listeners...
2025-06-24 10:44:53 [32minfo[39m: Setting up listener for community: 1
2025-06-24 10:44:53 [32minfo[39m: Setting up listener for community: 1
2025-06-24 10:44:53 [32minfo[39m: Setting up listener for community: 3
2025-06-24 10:44:53 [32minfo[39m: Setting up listener for community: 3
2025-06-24 10:44:53 [32minfo[39m: Setting up listener for community: 4
2025-06-24 10:44:53 [32minfo[39m: Setting up listener for community: 4
2025-06-24 10:44:53 [32minfo[39m: Setting up listener for community: 9
2025-06-24 10:44:53 [32minfo[39m: Setting up listener for community: 9
2025-06-24 10:44:53 [32minfo[39m: Setting up listener for community: 13
2025-06-24 10:44:53 [32minfo[39m: New message in community 13 from user 4
2025-06-24 10:44:53 [32minfo[39m: Setting up listener for community: 13
2025-06-24 10:44:53 [32minfo[39m: New message in community 13 from user 4
2025-06-24 10:44:53 [32minfo[39m: Setting up listener for community: 15
2025-06-24 10:44:53 [32minfo[39m: Setting up listener for community: 15
2025-06-24 10:44:53 [32minfo[39m: Setting up listener for community: 16
2025-06-24 10:44:53 [32minfo[39m: Setting up listener for community: 16
2025-06-24 10:44:53 [32minfo[39m: Setting up listener for community: 1
2025-06-24 10:44:53 [32minfo[39m: Setting up listener for community: 3
2025-06-24 10:44:53 [32minfo[39m: Setting up listener for community: 4
2025-06-24 10:44:53 [32minfo[39m: Setting up listener for community: 9
2025-06-24 10:44:53 [32minfo[39m: Setting up listener for community: 13
2025-06-24 10:44:53 [32minfo[39m: New message in community 13 from user 4
2025-06-24 10:44:53 [32minfo[39m: Setting up listener for community: 15
2025-06-24 10:44:53 [32minfo[39m: Setting up listener for community: 16
2025-06-24 10:44:53 [32minfo[39m: Chat listeners setup complete
2025-06-24 10:44:53 [32minfo[39m: Setting up listener for community: 1
2025-06-24 10:44:53 [32minfo[39m: Setting up listener for community: 3
2025-06-24 10:44:53 [32minfo[39m: Setting up listener for community: 4
2025-06-24 10:44:53 [32minfo[39m: Setting up listener for community: 9
2025-06-24 10:44:53 [32minfo[39m: Setting up listener for community: 13
2025-06-24 10:44:53 [32minfo[39m: New message in community 13 from user 4
2025-06-24 10:44:53 [32minfo[39m: Setting up listener for community: 15
2025-06-24 10:44:53 [32minfo[39m: Setting up listener for community: 16
2025-06-24 10:44:53 [32minfo[39m: Chat listeners setup complete
2025-06-24 10:44:54 [33mwarn[39m: Community 13 not found in database
2025-06-24 10:44:54 [33mwarn[39m: Community 13 not found in database
2025-06-24 10:44:54 [33mwarn[39m: Community 13 not found in database
2025-06-24 10:44:54 [33mwarn[39m: Community 13 not found in database
2025-06-24 10:54:17 [32minfo[39m: Setting up chat listeners...
2025-06-24 10:54:17 [32minfo[39m: Medication notification scheduler started
2025-06-24 10:54:17 [32minfo[39m: Setting up chat listeners...
2025-06-24 10:54:18 [32minfo[39m: Setting up listener for community: 1
2025-06-24 10:54:18 [32minfo[39m: Setting up listener for community: 1
2025-06-24 10:54:18 [32minfo[39m: Setting up listener for community: 3
2025-06-24 10:54:18 [32minfo[39m: Setting up listener for community: 3
2025-06-24 10:54:18 [32minfo[39m: Setting up listener for community: 4
2025-06-24 10:54:18 [32minfo[39m: Setting up listener for community: 4
2025-06-24 10:54:18 [32minfo[39m: Setting up listener for community: 9
2025-06-24 10:54:18 [32minfo[39m: Setting up listener for community: 9
2025-06-24 10:54:18 [32minfo[39m: Setting up listener for community: 13
2025-06-24 10:54:18 [32minfo[39m: New message in community 13 from user 4
2025-06-24 10:54:18 [32minfo[39m: Setting up listener for community: 13
2025-06-24 10:54:18 [32minfo[39m: New message in community 13 from user 4
2025-06-24 10:54:18 [32minfo[39m: Setting up listener for community: 15
2025-06-24 10:54:18 [32minfo[39m: Setting up listener for community: 15
2025-06-24 10:54:18 [32minfo[39m: Setting up listener for community: 16
2025-06-24 10:54:18 [32minfo[39m: Setting up listener for community: 16
2025-06-24 10:54:18 [32minfo[39m: Setting up listener for community: 1
2025-06-24 10:54:18 [32minfo[39m: Setting up listener for community: 3
2025-06-24 10:54:18 [32minfo[39m: Setting up listener for community: 4
2025-06-24 10:54:18 [32minfo[39m: Setting up listener for community: 9
2025-06-24 10:54:18 [32minfo[39m: Setting up listener for community: 13
2025-06-24 10:54:18 [32minfo[39m: New message in community 13 from user 4
2025-06-24 10:54:18 [32minfo[39m: Setting up listener for community: 15
2025-06-24 10:54:18 [32minfo[39m: Setting up listener for community: 16
2025-06-24 10:54:18 [32minfo[39m: Chat listeners setup complete
2025-06-24 10:54:18 [32minfo[39m: Setting up listener for community: 1
2025-06-24 10:54:18 [32minfo[39m: Setting up listener for community: 3
2025-06-24 10:54:18 [32minfo[39m: Setting up listener for community: 4
2025-06-24 10:54:18 [32minfo[39m: Setting up listener for community: 9
2025-06-24 10:54:18 [32minfo[39m: Setting up listener for community: 13
2025-06-24 10:54:18 [32minfo[39m: New message in community 13 from user 4
2025-06-24 10:54:18 [32minfo[39m: Setting up listener for community: 15
2025-06-24 10:54:18 [32minfo[39m: Setting up listener for community: 16
2025-06-24 10:54:18 [32minfo[39m: Chat listeners setup complete
2025-06-24 10:54:18 [33mwarn[39m: Community 13 not found in database
2025-06-24 10:54:18 [33mwarn[39m: Community 13 not found in database
2025-06-24 10:54:18 [33mwarn[39m: Community 13 not found in database
2025-06-24 10:54:18 [33mwarn[39m: Community 13 not found in database
2025-06-24 11:03:21 [32minfo[39m: Setting up chat listeners...
2025-06-24 11:03:21 [32minfo[39m: Medication notification scheduler started
2025-06-24 11:03:21 [32minfo[39m: Setting up chat listeners...
2025-06-24 11:03:22 [32minfo[39m: Setting up listener for community: 1
2025-06-24 11:03:22 [32minfo[39m: Setting up listener for community: 1
2025-06-24 11:03:22 [32minfo[39m: Setting up listener for community: 3
2025-06-24 11:03:22 [32minfo[39m: Setting up listener for community: 3
2025-06-24 11:03:22 [32minfo[39m: Setting up listener for community: 4
2025-06-24 11:03:22 [32minfo[39m: Setting up listener for community: 4
2025-06-24 11:03:22 [32minfo[39m: Setting up listener for community: 9
2025-06-24 11:03:22 [32minfo[39m: Setting up listener for community: 9
2025-06-24 11:03:22 [32minfo[39m: Setting up listener for community: 13
2025-06-24 11:03:22 [32minfo[39m: New message in community 13 from user 4
2025-06-24 11:03:22 [32minfo[39m: Setting up listener for community: 13
2025-06-24 11:03:22 [32minfo[39m: New message in community 13 from user 4
2025-06-24 11:03:22 [32minfo[39m: Setting up listener for community: 15
2025-06-24 11:03:22 [32minfo[39m: Setting up listener for community: 15
2025-06-24 11:03:22 [32minfo[39m: Setting up listener for community: 16
2025-06-24 11:03:22 [32minfo[39m: Setting up listener for community: 16
2025-06-24 11:03:22 [32minfo[39m: Setting up listener for community: 1
2025-06-24 11:03:22 [32minfo[39m: Setting up listener for community: 3
2025-06-24 11:03:22 [32minfo[39m: Setting up listener for community: 4
2025-06-24 11:03:22 [32minfo[39m: Setting up listener for community: 9
2025-06-24 11:03:22 [32minfo[39m: Setting up listener for community: 13
2025-06-24 11:03:22 [32minfo[39m: New message in community 13 from user 4
2025-06-24 11:03:22 [32minfo[39m: Setting up listener for community: 15
2025-06-24 11:03:22 [32minfo[39m: Setting up listener for community: 16
2025-06-24 11:03:22 [32minfo[39m: Chat listeners setup complete
2025-06-24 11:03:22 [32minfo[39m: Setting up listener for community: 1
2025-06-24 11:03:22 [32minfo[39m: Setting up listener for community: 3
2025-06-24 11:03:22 [32minfo[39m: Setting up listener for community: 4
2025-06-24 11:03:22 [32minfo[39m: Setting up listener for community: 9
2025-06-24 11:03:22 [32minfo[39m: Setting up listener for community: 13
2025-06-24 11:03:22 [32minfo[39m: New message in community 13 from user 4
2025-06-24 11:03:22 [32minfo[39m: Setting up listener for community: 15
2025-06-24 11:03:22 [32minfo[39m: Setting up listener for community: 16
2025-06-24 11:03:22 [32minfo[39m: Chat listeners setup complete
2025-06-24 11:03:23 [33mwarn[39m: Community 13 not found in database
2025-06-24 11:03:23 [33mwarn[39m: Community 13 not found in database
2025-06-24 11:03:23 [33mwarn[39m: Community 13 not found in database
2025-06-24 11:03:23 [33mwarn[39m: Community 13 not found in database
2025-06-24 11:03:27 [32minfo[39m: Setting up chat listeners...
2025-06-24 11:03:27 [32minfo[39m: Medication notification scheduler started
2025-06-24 11:03:27 [32minfo[39m: Setting up chat listeners...
2025-06-24 11:03:28 [32minfo[39m: Setting up listener for community: 1
2025-06-24 11:03:28 [32minfo[39m: Setting up listener for community: 1
2025-06-24 11:03:28 [32minfo[39m: Setting up listener for community: 3
2025-06-24 11:03:28 [32minfo[39m: Setting up listener for community: 3
2025-06-24 11:03:28 [32minfo[39m: Setting up listener for community: 4
2025-06-24 11:03:28 [32minfo[39m: Setting up listener for community: 4
2025-06-24 11:03:28 [32minfo[39m: Setting up listener for community: 9
2025-06-24 11:03:28 [32minfo[39m: Setting up listener for community: 9
2025-06-24 11:03:28 [32minfo[39m: Setting up listener for community: 13
2025-06-24 11:03:28 [32minfo[39m: New message in community 13 from user 4
2025-06-24 11:03:28 [32minfo[39m: Setting up listener for community: 13
2025-06-24 11:03:28 [32minfo[39m: New message in community 13 from user 4
2025-06-24 11:03:28 [32minfo[39m: Setting up listener for community: 15
2025-06-24 11:03:28 [32minfo[39m: Setting up listener for community: 15
2025-06-24 11:03:28 [32minfo[39m: Setting up listener for community: 16
2025-06-24 11:03:28 [32minfo[39m: Setting up listener for community: 16
2025-06-24 11:03:28 [32minfo[39m: Setting up listener for community: 1
2025-06-24 11:03:28 [32minfo[39m: Setting up listener for community: 3
2025-06-24 11:03:28 [32minfo[39m: Setting up listener for community: 4
2025-06-24 11:03:28 [32minfo[39m: Setting up listener for community: 9
2025-06-24 11:03:28 [32minfo[39m: Setting up listener for community: 13
2025-06-24 11:03:28 [32minfo[39m: New message in community 13 from user 4
2025-06-24 11:03:28 [32minfo[39m: Setting up listener for community: 15
2025-06-24 11:03:28 [32minfo[39m: Setting up listener for community: 16
2025-06-24 11:03:28 [32minfo[39m: Chat listeners setup complete
2025-06-24 11:03:28 [32minfo[39m: Setting up listener for community: 1
2025-06-24 11:03:28 [32minfo[39m: Setting up listener for community: 3
2025-06-24 11:03:28 [32minfo[39m: Setting up listener for community: 4
2025-06-24 11:03:28 [32minfo[39m: Setting up listener for community: 9
2025-06-24 11:03:28 [32minfo[39m: Setting up listener for community: 13
2025-06-24 11:03:28 [32minfo[39m: New message in community 13 from user 4
2025-06-24 11:03:28 [32minfo[39m: Setting up listener for community: 15
2025-06-24 11:03:28 [32minfo[39m: Setting up listener for community: 16
2025-06-24 11:03:28 [32minfo[39m: Chat listeners setup complete
2025-06-24 11:03:30 [33mwarn[39m: Community 13 not found in database
2025-06-24 11:03:30 [33mwarn[39m: Community 13 not found in database
2025-06-24 11:03:31 [33mwarn[39m: Community 13 not found in database
2025-06-24 11:03:31 [33mwarn[39m: Community 13 not found in database
2025-06-24 11:04:13 [32minfo[39m: Setting up chat listeners...
2025-06-24 11:04:13 [32minfo[39m: Medication notification scheduler started
2025-06-24 11:04:13 [32minfo[39m: Setting up chat listeners...
2025-06-24 11:04:13 [32minfo[39m: Setting up listener for community: 1
2025-06-24 11:04:13 [32minfo[39m: Setting up listener for community: 1
2025-06-24 11:04:13 [32minfo[39m: Setting up listener for community: 3
2025-06-24 11:04:13 [32minfo[39m: Setting up listener for community: 3
2025-06-24 11:04:13 [32minfo[39m: Setting up listener for community: 4
2025-06-24 11:04:13 [32minfo[39m: Setting up listener for community: 4
2025-06-24 11:04:13 [32minfo[39m: Setting up listener for community: 9
2025-06-24 11:04:13 [32minfo[39m: Setting up listener for community: 9
2025-06-24 11:04:13 [32minfo[39m: Setting up listener for community: 13
2025-06-24 11:04:13 [32minfo[39m: New message in community 13 from user 4
2025-06-24 11:04:13 [32minfo[39m: Setting up listener for community: 13
2025-06-24 11:04:13 [32minfo[39m: New message in community 13 from user 4
2025-06-24 11:04:13 [32minfo[39m: Setting up listener for community: 15
2025-06-24 11:04:13 [32minfo[39m: Setting up listener for community: 15
2025-06-24 11:04:13 [32minfo[39m: Setting up listener for community: 16
2025-06-24 11:04:13 [32minfo[39m: Setting up listener for community: 16
2025-06-24 11:04:13 [32minfo[39m: Setting up listener for community: 1
2025-06-24 11:04:13 [32minfo[39m: Setting up listener for community: 3
2025-06-24 11:04:13 [32minfo[39m: Setting up listener for community: 4
2025-06-24 11:04:13 [32minfo[39m: Setting up listener for community: 9
2025-06-24 11:04:13 [32minfo[39m: Setting up listener for community: 13
2025-06-24 11:04:13 [32minfo[39m: New message in community 13 from user 4
2025-06-24 11:04:13 [32minfo[39m: Setting up listener for community: 15
2025-06-24 11:04:13 [32minfo[39m: Setting up listener for community: 16
2025-06-24 11:04:13 [32minfo[39m: Chat listeners setup complete
2025-06-24 11:04:13 [32minfo[39m: Setting up listener for community: 1
2025-06-24 11:04:13 [32minfo[39m: Setting up listener for community: 3
2025-06-24 11:04:13 [32minfo[39m: Setting up listener for community: 4
2025-06-24 11:04:13 [32minfo[39m: Setting up listener for community: 9
2025-06-24 11:04:13 [32minfo[39m: Setting up listener for community: 13
2025-06-24 11:04:13 [32minfo[39m: New message in community 13 from user 4
2025-06-24 11:04:13 [32minfo[39m: Setting up listener for community: 15
2025-06-24 11:04:13 [32minfo[39m: Setting up listener for community: 16
2025-06-24 11:04:13 [32minfo[39m: Chat listeners setup complete
2025-06-24 11:04:28 [32minfo[39m: Setting up chat listeners...
2025-06-24 11:04:28 [32minfo[39m: Medication notification scheduler started
2025-06-24 11:04:28 [32minfo[39m: Setting up chat listeners...
2025-06-24 11:04:29 [32minfo[39m: Setting up listener for community: 1
2025-06-24 11:04:29 [32minfo[39m: Setting up listener for community: 1
2025-06-24 11:04:29 [32minfo[39m: Setting up listener for community: 3
2025-06-24 11:04:29 [32minfo[39m: Setting up listener for community: 3
2025-06-24 11:04:29 [32minfo[39m: Setting up listener for community: 4
2025-06-24 11:04:29 [32minfo[39m: Setting up listener for community: 4
2025-06-24 11:04:29 [32minfo[39m: Setting up listener for community: 9
2025-06-24 11:04:29 [32minfo[39m: Setting up listener for community: 9
2025-06-24 11:04:29 [32minfo[39m: Setting up listener for community: 13
2025-06-24 11:04:29 [32minfo[39m: New message in community 13 from user 4
2025-06-24 11:04:29 [32minfo[39m: Setting up listener for community: 13
2025-06-24 11:04:29 [32minfo[39m: New message in community 13 from user 4
2025-06-24 11:04:29 [32minfo[39m: Setting up listener for community: 15
2025-06-24 11:04:29 [32minfo[39m: Setting up listener for community: 15
2025-06-24 11:04:29 [32minfo[39m: Setting up listener for community: 16
2025-06-24 11:04:29 [32minfo[39m: Setting up listener for community: 16
2025-06-24 11:04:29 [32minfo[39m: Setting up listener for community: 1
2025-06-24 11:04:29 [32minfo[39m: Setting up listener for community: 3
2025-06-24 11:04:29 [32minfo[39m: Setting up listener for community: 4
2025-06-24 11:04:29 [32minfo[39m: Setting up listener for community: 9
2025-06-24 11:04:29 [32minfo[39m: Setting up listener for community: 13
2025-06-24 11:04:29 [32minfo[39m: New message in community 13 from user 4
2025-06-24 11:04:29 [32minfo[39m: Setting up listener for community: 15
2025-06-24 11:04:29 [32minfo[39m: Setting up listener for community: 16
2025-06-24 11:04:29 [32minfo[39m: Chat listeners setup complete
2025-06-24 11:04:29 [32minfo[39m: Setting up listener for community: 1
2025-06-24 11:04:29 [32minfo[39m: Setting up listener for community: 3
2025-06-24 11:04:29 [32minfo[39m: Setting up listener for community: 4
2025-06-24 11:04:29 [32minfo[39m: Setting up listener for community: 9
2025-06-24 11:04:29 [32minfo[39m: Setting up listener for community: 13
2025-06-24 11:04:29 [32minfo[39m: New message in community 13 from user 4
2025-06-24 11:04:29 [32minfo[39m: Setting up listener for community: 15
2025-06-24 11:04:29 [32minfo[39m: Setting up listener for community: 16
2025-06-24 11:04:29 [32minfo[39m: Chat listeners setup complete
2025-06-24 11:04:30 [33mwarn[39m: Community 13 not found in database
2025-06-24 11:04:30 [33mwarn[39m: Community 13 not found in database
2025-06-24 11:04:30 [33mwarn[39m: Community 13 not found in database
2025-06-24 11:04:30 [33mwarn[39m: Community 13 not found in database
2025-06-24 11:13:45 [32minfo[39m: Setting up chat listeners...
2025-06-24 11:13:45 [32minfo[39m: Medication notification scheduler started
2025-06-24 11:13:45 [32minfo[39m: Setting up chat listeners...
2025-06-24 11:13:47 [32minfo[39m: Setting up listener for community: 1
2025-06-24 11:13:47 [32minfo[39m: Setting up listener for community: 1
2025-06-24 11:13:47 [32minfo[39m: Setting up listener for community: 3
2025-06-24 11:13:47 [32minfo[39m: Setting up listener for community: 3
2025-06-24 11:13:47 [32minfo[39m: Setting up listener for community: 4
2025-06-24 11:13:47 [32minfo[39m: Setting up listener for community: 4
2025-06-24 11:13:47 [32minfo[39m: Setting up listener for community: 9
2025-06-24 11:13:47 [32minfo[39m: Setting up listener for community: 9
2025-06-24 11:13:47 [32minfo[39m: Setting up listener for community: 13
2025-06-24 11:13:47 [32minfo[39m: New message in community 13 from user 4
2025-06-24 11:13:47 [32minfo[39m: Setting up listener for community: 13
2025-06-24 11:13:47 [32minfo[39m: New message in community 13 from user 4
2025-06-24 11:13:47 [32minfo[39m: Setting up listener for community: 15
2025-06-24 11:13:47 [32minfo[39m: Setting up listener for community: 15
2025-06-24 11:13:47 [32minfo[39m: Setting up listener for community: 16
2025-06-24 11:13:47 [32minfo[39m: Setting up listener for community: 16
2025-06-24 11:13:47 [32minfo[39m: Setting up listener for community: 1
2025-06-24 11:13:47 [32minfo[39m: Setting up listener for community: 3
2025-06-24 11:13:47 [32minfo[39m: Setting up listener for community: 4
2025-06-24 11:13:47 [32minfo[39m: Setting up listener for community: 9
2025-06-24 11:13:47 [32minfo[39m: Setting up listener for community: 13
2025-06-24 11:13:47 [32minfo[39m: New message in community 13 from user 4
2025-06-24 11:13:47 [32minfo[39m: Setting up listener for community: 15
2025-06-24 11:13:47 [32minfo[39m: Setting up listener for community: 16
2025-06-24 11:13:47 [32minfo[39m: Chat listeners setup complete
2025-06-24 11:13:47 [32minfo[39m: Setting up listener for community: 1
2025-06-24 11:13:47 [32minfo[39m: Setting up listener for community: 3
2025-06-24 11:13:47 [32minfo[39m: Setting up listener for community: 4
2025-06-24 11:13:47 [32minfo[39m: Setting up listener for community: 9
2025-06-24 11:13:47 [32minfo[39m: Setting up listener for community: 13
2025-06-24 11:13:47 [32minfo[39m: New message in community 13 from user 4
2025-06-24 11:13:47 [32minfo[39m: Setting up listener for community: 15
2025-06-24 11:13:47 [32minfo[39m: Setting up listener for community: 16
2025-06-24 11:13:47 [32minfo[39m: Chat listeners setup complete
2025-06-24 11:13:49 [33mwarn[39m: Community 13 not found in database
2025-06-24 11:13:49 [33mwarn[39m: Community 13 not found in database
2025-06-24 11:13:49 [33mwarn[39m: Community 13 not found in database
2025-06-24 11:13:50 [33mwarn[39m: Community 13 not found in database
2025-06-24 11:17:31 [32minfo[39m: Setting up chat listeners...
2025-06-24 11:17:31 [32minfo[39m: Medication notification scheduler started
2025-06-24 11:17:31 [32minfo[39m: Setting up chat listeners...
2025-06-24 11:17:32 [32minfo[39m: Setting up listener for community: 1
2025-06-24 11:17:32 [32minfo[39m: Setting up listener for community: 1
2025-06-24 11:17:32 [32minfo[39m: Setting up listener for community: 3
2025-06-24 11:17:32 [32minfo[39m: Setting up listener for community: 3
2025-06-24 11:17:32 [32minfo[39m: Setting up listener for community: 4
2025-06-24 11:17:32 [32minfo[39m: Setting up listener for community: 4
2025-06-24 11:17:32 [32minfo[39m: Setting up listener for community: 9
2025-06-24 11:17:32 [32minfo[39m: Setting up listener for community: 9
2025-06-24 11:17:32 [32minfo[39m: Setting up listener for community: 13
2025-06-24 11:17:32 [32minfo[39m: New message in community 13 from user 4
2025-06-24 11:17:32 [32minfo[39m: Setting up listener for community: 13
2025-06-24 11:17:32 [32minfo[39m: New message in community 13 from user 4
2025-06-24 11:17:32 [32minfo[39m: Setting up listener for community: 15
2025-06-24 11:17:32 [32minfo[39m: Setting up listener for community: 15
2025-06-24 11:17:32 [32minfo[39m: Setting up listener for community: 16
2025-06-24 11:17:32 [32minfo[39m: Setting up listener for community: 16
2025-06-24 11:17:32 [32minfo[39m: Setting up listener for community: 1
2025-06-24 11:17:32 [32minfo[39m: Setting up listener for community: 3
2025-06-24 11:17:32 [32minfo[39m: Setting up listener for community: 4
2025-06-24 11:17:32 [32minfo[39m: Setting up listener for community: 9
2025-06-24 11:17:32 [32minfo[39m: Setting up listener for community: 13
2025-06-24 11:17:32 [32minfo[39m: New message in community 13 from user 4
2025-06-24 11:17:32 [32minfo[39m: Setting up listener for community: 15
2025-06-24 11:17:32 [32minfo[39m: Setting up listener for community: 16
2025-06-24 11:17:32 [32minfo[39m: Chat listeners setup complete
2025-06-24 11:17:32 [32minfo[39m: Setting up listener for community: 1
2025-06-24 11:17:32 [32minfo[39m: Setting up listener for community: 3
2025-06-24 11:17:32 [32minfo[39m: Setting up listener for community: 4
2025-06-24 11:17:32 [32minfo[39m: Setting up listener for community: 9
2025-06-24 11:17:32 [32minfo[39m: Setting up listener for community: 13
2025-06-24 11:17:32 [32minfo[39m: New message in community 13 from user 4
2025-06-24 11:17:32 [32minfo[39m: Setting up listener for community: 15
2025-06-24 11:17:32 [32minfo[39m: Setting up listener for community: 16
2025-06-24 11:17:32 [32minfo[39m: Chat listeners setup complete
2025-06-24 11:17:33 [33mwarn[39m: Community 13 not found in database
2025-06-24 11:17:33 [33mwarn[39m: Community 13 not found in database
2025-06-24 11:17:33 [33mwarn[39m: Community 13 not found in database
2025-06-24 11:17:33 [33mwarn[39m: Community 13 not found in database
